Rust	Set up job	﻿2026-07-06T01:24:35.0463362Z Current runner version: '2.335.1'
Rust	Set up job	2026-07-06T01:24:35.0487770Z ##[group]Runner Image Provisioner
Rust	Set up job	2026-07-06T01:24:35.0488566Z Hosted Compute Agent
Rust	Set up job	2026-07-06T01:24:35.0489219Z Version: 20260624.560
Rust	Set up job	2026-07-06T01:24:35.0489948Z Commit: 925d229a51159bc391ae97e54a2dd1fe20af789d
Rust	Set up job	2026-07-06T01:24:35.0490619Z Build Date: 2026-06-24T18:26:47Z
Rust	Set up job	2026-07-06T01:24:35.0491244Z Worker ID: {5d5aab84-1d97-4ba2-bc24-bbfa222b69e7}
Rust	Set up job	2026-07-06T01:24:35.0491880Z Azure Region: westus3
Rust	Set up job	2026-07-06T01:24:35.0492428Z ##[endgroup]
Rust	Set up job	2026-07-06T01:24:35.0493742Z ##[group]Operating System
Rust	Set up job	2026-07-06T01:24:35.0494288Z Ubuntu
Rust	Set up job	2026-07-06T01:24:35.0494806Z 24.04.4
Rust	Set up job	2026-07-06T01:24:35.0495271Z LTS
Rust	Set up job	2026-07-06T01:24:35.0495758Z ##[endgroup]
Rust	Set up job	2026-07-06T01:24:35.0496257Z ##[group]Runner Image
Rust	Set up job	2026-07-06T01:24:35.0496869Z Image: ubuntu-24.04
Rust	Set up job	2026-07-06T01:24:35.0497429Z Version: 20260628.225.1
Rust	Set up job	2026-07-06T01:24:35.0498367Z Included Software: https://github.com/actions/runner-images/blob/ubuntu24/20260628.225/images/ubuntu/Ubuntu2404-Readme.md
Rust	Set up job	2026-07-06T01:24:35.0500033Z Image Release: https://github.com/actions/runner-images/releases/tag/ubuntu24%2F20260628.225
Rust	Set up job	2026-07-06T01:24:35.0500880Z ##[endgroup]
Rust	Set up job	2026-07-06T01:24:35.0501972Z ##[group]GITHUB_TOKEN Permissions
Rust	Set up job	2026-07-06T01:24:35.0503822Z Contents: read
Rust	Set up job	2026-07-06T01:24:35.0504423Z Metadata: read
Rust	Set up job	2026-07-06T01:24:35.0504931Z Packages: read
Rust	Set up job	2026-07-06T01:24:35.0505415Z ##[endgroup]
Rust	Set up job	2026-07-06T01:24:35.0507763Z Secret source: Actions
Rust	Set up job	2026-07-06T01:24:35.0508448Z Prepare workflow directory
Rust	Set up job	2026-07-06T01:24:35.0830762Z Prepare all required actions
Rust	Set up job	2026-07-06T01:24:35.0869231Z Getting action download info
Rust	Set up job	2026-07-06T01:24:35.4182983Z Download action repository 'actions/checkout@v6' (SHA:df4cb1c069e1874edd31b4311f1884172cec0e10)
Rust	Set up job	2026-07-06T01:24:35.5076669Z Download action repository 'dtolnay/rust-toolchain@nightly' (SHA:efcb852328a9f50117170cc43094fb6f09eaf1ae)
Rust	Set up job	2026-07-06T01:24:35.8630429Z Complete job name: Rust
Rust	Run actions/checkout@v6	﻿2026-07-06T01:24:35.9264294Z ##[group]Run actions/checkout@v6
Rust	Run actions/checkout@v6	2026-07-06T01:24:35.9265240Z with:
Rust	Run actions/checkout@v6	2026-07-06T01:24:35.9265766Z   repository: Startempire-Wire/focusa
Rust	Run actions/checkout@v6	2026-07-06T01:24:35.9269802Z   token: ***
Rust	Run actions/checkout@v6	2026-07-06T01:24:35.9270284Z   ssh-strict: true
Rust	Run actions/checkout@v6	2026-07-06T01:24:35.9270768Z   ssh-user: git
Rust	Run actions/checkout@v6	2026-07-06T01:24:35.9271284Z   persist-credentials: true
Rust	Run actions/checkout@v6	2026-07-06T01:24:35.9271772Z   clean: true
Rust	Run actions/checkout@v6	2026-07-06T01:24:35.9272295Z   sparse-checkout-cone-mode: true
Rust	Run actions/checkout@v6	2026-07-06T01:24:35.9272795Z   fetch-depth: 1
Rust	Run actions/checkout@v6	2026-07-06T01:24:35.9273255Z   fetch-tags: false
Rust	Run actions/checkout@v6	2026-07-06T01:24:35.9273743Z   show-progress: true
Rust	Run actions/checkout@v6	2026-07-06T01:24:35.9274232Z   lfs: false
Rust	Run actions/checkout@v6	2026-07-06T01:24:35.9274656Z   submodules: false
Rust	Run actions/checkout@v6	2026-07-06T01:24:35.9275164Z   set-safe-directory: true
Rust	Run actions/checkout@v6	2026-07-06T01:24:35.9275933Z ##[endgroup]
Rust	Run actions/checkout@v6	2026-07-06T01:24:36.0411728Z Syncing repository: Startempire-Wire/focusa
Rust	Run actions/checkout@v6	2026-07-06T01:24:36.0414740Z ##[group]Getting Git version info
Rust	Run actions/checkout@v6	2026-07-06T01:24:36.0415896Z Working directory is '/home/runner/work/focusa/focusa'
Rust	Run actions/checkout@v6	2026-07-06T01:24:36.0417403Z [command]/usr/bin/git version
Rust	Run actions/checkout@v6	2026-07-06T01:24:36.0418298Z git version 2.54.0
Rust	Run actions/checkout@v6	2026-07-06T01:24:36.0431845Z ##[endgroup]
Rust	Run actions/checkout@v6	2026-07-06T01:24:36.0446733Z Temporarily overriding HOME='/home/runner/work/_temp/378b9911-ceb7-4dcc-af8c-ee308f284dea' before making global git config changes
Rust	Run actions/checkout@v6	2026-07-06T01:24:36.0449070Z Adding repository directory to the temporary git global config as a safe directory
Rust	Run actions/checkout@v6	2026-07-06T01:24:36.0455282Z [command]/usr/bin/git config --global --add safe.directory /home/runner/work/focusa/focusa
Rust	Run actions/checkout@v6	2026-07-06T01:24:36.0502645Z Deleting the contents of '/home/runner/work/focusa/focusa'
Rust	Run actions/checkout@v6	2026-07-06T01:24:36.0507615Z ##[group]Determining repository object format
Rust	Run actions/checkout@v6	2026-07-06T01:24:36.0509755Z ##[endgroup]
Rust	Run actions/checkout@v6	2026-07-06T01:24:36.0511009Z ##[group]Initializing the repository
Rust	Run actions/checkout@v6	2026-07-06T01:24:36.0515517Z [command]/usr/bin/git init /home/runner/work/focusa/focusa
Rust	Run actions/checkout@v6	2026-07-06T01:24:36.0630032Z hint: Using 'master' as the name for the initial branch. This default branch name
Rust	Run actions/checkout@v6	2026-07-06T01:24:36.0631880Z hint: will change to "main" in Git 3.0. To configure the initial branch name
Rust	Run actions/checkout@v6	2026-07-06T01:24:36.0634392Z hint: to use in all of your new repositories, which will suppress this warning,
Rust	Run actions/checkout@v6	2026-07-06T01:24:36.0635711Z hint: call:
Rust	Run actions/checkout@v6	2026-07-06T01:24:36.0636359Z hint:
Rust	Run actions/checkout@v6	2026-07-06T01:24:36.0637243Z hint: 	git config --global init.defaultBranch <name>
Rust	Run actions/checkout@v6	2026-07-06T01:24:36.0638290Z hint:
Rust	Run actions/checkout@v6	2026-07-06T01:24:36.0639277Z hint: Names commonly chosen instead of 'master' are 'main', 'trunk' and
Rust	Run actions/checkout@v6	2026-07-06T01:24:36.0641064Z hint: 'development'. The just-created branch can be renamed via this command:
Rust	Run actions/checkout@v6	2026-07-06T01:24:36.0642374Z hint:
Rust	Run actions/checkout@v6	2026-07-06T01:24:36.0643079Z hint: 	git branch -m <name>
Rust	Run actions/checkout@v6	2026-07-06T01:24:36.0643940Z hint:
Rust	Run actions/checkout@v6	2026-07-06T01:24:36.0645030Z hint: Disable this message with "git config set advice.defaultBranchName false"
Rust	Run actions/checkout@v6	2026-07-06T01:24:36.0646916Z Initialized empty Git repository in /home/runner/work/focusa/focusa/.git/
Rust	Run actions/checkout@v6	2026-07-06T01:24:36.0681890Z [command]/usr/bin/git remote add origin https://github.com/Startempire-Wire/focusa
Rust	Run actions/checkout@v6	2026-07-06T01:24:36.0695563Z ##[endgroup]
Rust	Run actions/checkout@v6	2026-07-06T01:24:36.0697141Z ##[group]Disabling automatic garbage collection
Rust	Run actions/checkout@v6	2026-07-06T01:24:36.0698287Z [command]/usr/bin/git config --local gc.auto 0
Rust	Run actions/checkout@v6	2026-07-06T01:24:36.0717984Z ##[endgroup]
Rust	Run actions/checkout@v6	2026-07-06T01:24:36.0719283Z ##[group]Setting up auth
Rust	Run actions/checkout@v6	2026-07-06T01:24:36.0720216Z Removing SSH command configuration
Rust	Run actions/checkout@v6	2026-07-06T01:24:36.0725645Z [command]/usr/bin/git config --local --name-only --get-regexp core\.sshCommand
Rust	Run actions/checkout@v6	2026-07-06T01:24:36.0757085Z [command]/usr/bin/git submodule foreach --recursive sh -c "git config --local --name-only --get-regexp 'core\.sshCommand' && git config --local --unset-all 'core.sshCommand' || :"
Rust	Run actions/checkout@v6	2026-07-06T01:24:36.1088592Z Removing HTTP extra header
Rust	Run actions/checkout@v6	2026-07-06T01:24:36.1095222Z [command]/usr/bin/git config --local --name-only --get-regexp http\.https\:\/\/github\.com\/\.extraheader
Rust	Run actions/checkout@v6	2026-07-06T01:24:36.1140884Z [command]/usr/bin/git submodule foreach --recursive sh -c "git config --local --name-only --get-regexp 'http\.https\:\/\/github\.com\/\.extraheader' && git config --local --unset-all 'http.https://github.com/.extraheader' || :"
Rust	Run actions/checkout@v6	2026-07-06T01:24:36.1332969Z Removing includeIf entries pointing to credentials config files
Rust	Run actions/checkout@v6	2026-07-06T01:24:36.1335683Z [command]/usr/bin/git config --local --name-only --get-regexp ^includeIf\.gitdir:
Rust	Run actions/checkout@v6	2026-07-06T01:24:36.1370137Z [command]/usr/bin/git submodule foreach --recursive git config --local --show-origin --name-only --get-regexp remote.origin.url
Rust	Run actions/checkout@v6	2026-07-06T01:24:36.1570404Z [command]/usr/bin/git config --file /home/runner/work/_temp/git-credentials-291d1f52-b8f1-45f4-9bd3-20b1af0f2d90.config http.https://github.com/.extraheader AUTHORIZATION: basic ***
Rust	Run actions/checkout@v6	2026-07-06T01:24:36.1601702Z [command]/usr/bin/git config --local includeIf.gitdir:/home/runner/work/focusa/focusa/.git.path /home/runner/work/_temp/git-credentials-291d1f52-b8f1-45f4-9bd3-20b1af0f2d90.config
Rust	Run actions/checkout@v6	2026-07-06T01:24:36.1630509Z [command]/usr/bin/git config --local includeIf.gitdir:/home/runner/work/focusa/focusa/.git/worktrees/*.path /home/runner/work/_temp/git-credentials-291d1f52-b8f1-45f4-9bd3-20b1af0f2d90.config
Rust	Run actions/checkout@v6	2026-07-06T01:24:36.1660737Z [command]/usr/bin/git config --local includeIf.gitdir:/github/workspace/.git.path /github/runner_temp/git-credentials-291d1f52-b8f1-45f4-9bd3-20b1af0f2d90.config
Rust	Run actions/checkout@v6	2026-07-06T01:24:36.1694066Z [command]/usr/bin/git config --local includeIf.gitdir:/github/workspace/.git/worktrees/*.path /github/runner_temp/git-credentials-291d1f52-b8f1-45f4-9bd3-20b1af0f2d90.config
Rust	Run actions/checkout@v6	2026-07-06T01:24:36.1721445Z ##[endgroup]
Rust	Run actions/checkout@v6	2026-07-06T01:24:36.1722191Z ##[group]Fetching the repository
Rust	Run actions/checkout@v6	2026-07-06T01:24:36.1727302Z [command]/usr/bin/git -c protocol.version=2 fetch --no-tags --prune --no-recurse-submodules --depth=1 origin +be427a43bce9b8f6c5b37c517bb915763126367c:refs/remotes/origin/main
Rust	Run actions/checkout@v6	2026-07-06T01:24:37.6456813Z From https://github.com/Startempire-Wire/focusa
Rust	Run actions/checkout@v6	2026-07-06T01:24:37.6460280Z  * [new ref]         be427a43bce9b8f6c5b37c517bb915763126367c -> origin/main
Rust	Run actions/checkout@v6	2026-07-06T01:24:37.6496846Z [command]/usr/bin/git branch --list --remote origin/main
Rust	Run actions/checkout@v6	2026-07-06T01:24:37.6523263Z   origin/main
Rust	Run actions/checkout@v6	2026-07-06T01:24:37.6530434Z [command]/usr/bin/git rev-parse refs/remotes/origin/main
Rust	Run actions/checkout@v6	2026-07-06T01:24:37.6549326Z be427a43bce9b8f6c5b37c517bb915763126367c
Rust	Run actions/checkout@v6	2026-07-06T01:24:37.6554047Z ##[endgroup]
Rust	Run actions/checkout@v6	2026-07-06T01:24:37.6555908Z ##[group]Determining the checkout info
Rust	Run actions/checkout@v6	2026-07-06T01:24:37.6558141Z ##[endgroup]
Rust	Run actions/checkout@v6	2026-07-06T01:24:37.6559807Z [command]/usr/bin/git sparse-checkout disable
Rust	Run actions/checkout@v6	2026-07-06T01:24:37.6594862Z [command]/usr/bin/git config --local --unset-all extensions.worktreeConfig
Rust	Run actions/checkout@v6	2026-07-06T01:24:37.6623651Z ##[group]Checking out the ref
Rust	Run actions/checkout@v6	2026-07-06T01:24:37.6626736Z [command]/usr/bin/git checkout --progress --force -B main refs/remotes/origin/main
Rust	Run actions/checkout@v6	2026-07-06T01:24:37.7723783Z Switched to a new branch 'main'
Rust	Run actions/checkout@v6	2026-07-06T01:24:37.7726218Z branch 'main' set up to track 'origin/main'.
Rust	Run actions/checkout@v6	2026-07-06T01:24:37.7735270Z ##[endgroup]
Rust	Run actions/checkout@v6	2026-07-06T01:24:37.7774674Z [command]/usr/bin/git log -1 --format=%H
Rust	Run actions/checkout@v6	2026-07-06T01:24:37.7795257Z be427a43bce9b8f6c5b37c517bb915763126367c
Rust	Run dtolnay/rust-toolchain@nightly	﻿2026-07-06T01:24:37.8334836Z ##[group]Run dtolnay/rust-toolchain@nightly
Rust	Run dtolnay/rust-toolchain@nightly	2026-07-06T01:24:37.8336110Z with:
Rust	Run dtolnay/rust-toolchain@nightly	2026-07-06T01:24:37.8337006Z   toolchain: nightly-2026-01-08
Rust	Run dtolnay/rust-toolchain@nightly	2026-07-06T01:24:37.8338074Z   components: clippy
Rust	Run dtolnay/rust-toolchain@nightly	2026-07-06T01:24:37.8339015Z ##[endgroup]
Rust	Run dtolnay/rust-toolchain@nightly	2026-07-06T01:24:37.8497993Z ##[group]Run : parse toolchain version
Rust	Run dtolnay/rust-toolchain@nightly	2026-07-06T01:24:37.8499351Z ^[[36;1m: parse toolchain version^[[0m
Rust	Run dtolnay/rust-toolchain@nightly	2026-07-06T01:24:37.8500581Z ^[[36;1mif [[ -z $toolchain ]]; then^[[0m
Rust	Run dtolnay/rust-toolchain@nightly	2026-07-06T01:24:37.8502379Z ^[[36;1m  # GitHub does not enforce `required: true` inputs itself. https://github.com/actions/runner/issues/1070^[[0m
Rust	Run dtolnay/rust-toolchain@nightly	2026-07-06T01:24:37.8504283Z ^[[36;1m  echo "'toolchain' is a required input" >&2^[[0m
Rust	Run dtolnay/rust-toolchain@nightly	2026-07-06T01:24:37.8505417Z ^[[36;1m  exit 1^[[0m
Rust	Run dtolnay/rust-toolchain@nightly	2026-07-06T01:24:37.8506665Z ^[[36;1melif [[ $toolchain =~ ^stable' '[0-9]+' '(year|month|week|day)s?' 'ago$ ]]; then^[[0m
Rust	Run dtolnay/rust-toolchain@nightly	2026-07-06T01:24:37.8508188Z ^[[36;1m  if [[ Linux == macOS ]]; then^[[0m
Rust	Run dtolnay/rust-toolchain@nightly	2026-07-06T01:24:37.8510130Z ^[[36;1m    echo "toolchain=1.$((($(date -v-$(sed 's/stable \([0-9]*\) \(.\).*/\1\2/' <<< $toolchain) +%s)/60/60/24-16569)/7/6))" >> $GITHUB_OUTPUT^[[0m
Rust	Run dtolnay/rust-toolchain@nightly	2026-07-06T01:24:37.8512053Z ^[[36;1m  else^[[0m
Rust	Run dtolnay/rust-toolchain@nightly	2026-07-06T01:24:37.8513513Z ^[[36;1m    echo "toolchain=1.$((($(date --date "${toolchain#stable }" +%s)/60/60/24-16569)/7/6))" >> $GITHUB_OUTPUT^[[0m
Rust	Run dtolnay/rust-toolchain@nightly	2026-07-06T01:24:37.8515178Z ^[[36;1m  fi^[[0m
Rust	Run dtolnay/rust-toolchain@nightly	2026-07-06T01:24:37.8516311Z ^[[36;1melif [[ $toolchain =~ ^stable' 'minus' '[0-9]+' 'releases?$ ]]; then^[[0m
Rust	Run dtolnay/rust-toolchain@nightly	2026-07-06T01:24:37.8518181Z ^[[36;1m  echo "toolchain=1.$((($(date +%s)/60/60/24-16569)/7/6-${toolchain//[^0-9]/}))" >> $GITHUB_OUTPUT^[[0m
Rust	Run dtolnay/rust-toolchain@nightly	2026-07-06T01:24:37.8519905Z ^[[36;1melif [[ $toolchain =~ ^1\.[0-9]+$ ]]; then^[[0m
Rust	Run dtolnay/rust-toolchain@nightly	2026-07-06T01:24:37.8521775Z ^[[36;1m  echo "toolchain=1.$((i=${toolchain#1.}, c=($(date +%s)/60/60/24-16569)/7/6, i+9*i*(10*i<=c)+90*i*(100*i<=c)))" >> $GITHUB_OUTPUT^[[0m
Rust	Run dtolnay/rust-toolchain@nightly	2026-07-06T01:24:37.8523571Z ^[[36;1melse^[[0m
Rust	Run dtolnay/rust-toolchain@nightly	2026-07-06T01:24:37.8524527Z ^[[36;1m  echo "toolchain=$toolchain" >> $GITHUB_OUTPUT^[[0m
Rust	Run dtolnay/rust-toolchain@nightly	2026-07-06T01:24:37.8526153Z ^[[36;1mfi^[[0m
Rust	Run dtolnay/rust-toolchain@nightly	2026-07-06T01:24:37.8692588Z shell: /usr/bin/bash --noprofile --norc -e -o pipefail {0}
Rust	Run dtolnay/rust-toolchain@nightly	2026-07-06T01:24:37.8694007Z env:
Rust	Run dtolnay/rust-toolchain@nightly	2026-07-06T01:24:37.8694841Z   toolchain: nightly-2026-01-08
Rust	Run dtolnay/rust-toolchain@nightly	2026-07-06T01:24:37.8695816Z ##[endgroup]
Rust	Run dtolnay/rust-toolchain@nightly	2026-07-06T01:24:37.8865497Z ##[group]Run : construct rustup command line
Rust	Run dtolnay/rust-toolchain@nightly	2026-07-06T01:24:37.8866754Z ^[[36;1m: construct rustup command line^[[0m
Rust	Run dtolnay/rust-toolchain@nightly	2026-07-06T01:24:37.8868363Z ^[[36;1mecho "targets=$(for t in ${targets//,/ }; do echo -n ' --target' $t; done)" >> $GITHUB_OUTPUT^[[0m
Rust	Run dtolnay/rust-toolchain@nightly	2026-07-06T01:24:37.8870732Z ^[[36;1mecho "components=$(for c in ${components//,/ }; do echo -n ' --component' $c; done)" >> $GITHUB_OUTPUT^[[0m
Rust	Run dtolnay/rust-toolchain@nightly	2026-07-06T01:24:37.8872516Z ^[[36;1mecho "downgrade=" >> $GITHUB_OUTPUT^[[0m
Rust	Run dtolnay/rust-toolchain@nightly	2026-07-06T01:24:37.8893566Z shell: /usr/bin/bash --noprofile --norc -e -o pipefail {0}
Rust	Run dtolnay/rust-toolchain@nightly	2026-07-06T01:24:37.8894868Z env:
Rust	Run dtolnay/rust-toolchain@nightly	2026-07-06T01:24:37.8895620Z   targets: 
Rust	Run dtolnay/rust-toolchain@nightly	2026-07-06T01:24:37.8896412Z   components: clippy
Rust	Run dtolnay/rust-toolchain@nightly	2026-07-06T01:24:37.8897259Z ##[endgroup]
Rust	Run dtolnay/rust-toolchain@nightly	2026-07-06T01:24:37.8998876Z ##[group]Run : set $CARGO_HOME
Rust	Run dtolnay/rust-toolchain@nightly	2026-07-06T01:24:37.9000093Z ^[[36;1m: set $CARGO_HOME^[[0m
Rust	Run dtolnay/rust-toolchain@nightly	2026-07-06T01:24:37.9001489Z ^[[36;1mecho CARGO_HOME=${CARGO_HOME:-"$HOME/.cargo"} >> $GITHUB_ENV^[[0m
Rust	Run dtolnay/rust-toolchain@nightly	2026-07-06T01:24:37.9022608Z shell: /usr/bin/bash --noprofile --norc -e -o pipefail {0}
Rust	Run dtolnay/rust-toolchain@nightly	2026-07-06T01:24:37.9024091Z ##[endgroup]
Rust	Run dtolnay/rust-toolchain@nightly	2026-07-06T01:24:37.9132029Z ##[group]Run : install rustup if needed
Rust	Run dtolnay/rust-toolchain@nightly	2026-07-06T01:24:37.9133184Z ^[[36;1m: install rustup if needed^[[0m
Rust	Run dtolnay/rust-toolchain@nightly	2026-07-06T01:24:37.9134314Z ^[[36;1mif ! command -v rustup &>/dev/null; then^[[0m
Rust	Run dtolnay/rust-toolchain@nightly	2026-07-06T01:24:37.9136812Z ^[[36;1m  curl --proto '=https' --tlsv1.2 --retry 10 --retry-connrefused --location --silent --show-error --fail https://sh.rustup.rs | sh -s -- --default-toolchain none -y^[[0m
Rust	Run dtolnay/rust-toolchain@nightly	2026-07-06T01:24:37.9139291Z ^[[36;1m  echo "$CARGO_HOME/bin" >> $GITHUB_PATH^[[0m
Rust	Run dtolnay/rust-toolchain@nightly	2026-07-06T01:24:37.9140607Z ^[[36;1mfi^[[0m
Rust	Run dtolnay/rust-toolchain@nightly	2026-07-06T01:24:37.9159836Z shell: /usr/bin/bash --noprofile --norc -e -o pipefail {0}
Rust	Run dtolnay/rust-toolchain@nightly	2026-07-06T01:24:37.9161094Z env:
Rust	Run dtolnay/rust-toolchain@nightly	2026-07-06T01:24:37.9161895Z   CARGO_HOME: /home/runner/.cargo
Rust	Run dtolnay/rust-toolchain@nightly	2026-07-06T01:24:37.9162872Z ##[endgroup]
Rust	Run dtolnay/rust-toolchain@nightly	2026-07-06T01:24:37.9271822Z ##[group]Run rustup toolchain install nightly-2026-01-08 --component clippy --profile minimal --no-self-update
Rust	Run dtolnay/rust-toolchain@nightly	2026-07-06T01:24:37.9274349Z ^[[36;1mrustup toolchain install nightly-2026-01-08 --component clippy --profile minimal --no-self-update^[[0m
Rust	Run dtolnay/rust-toolchain@nightly	2026-07-06T01:24:37.9293922Z shell: /usr/bin/bash --noprofile --norc -e -o pipefail {0}
Rust	Run dtolnay/rust-toolchain@nightly	2026-07-06T01:24:37.9295272Z env:
Rust	Run dtolnay/rust-toolchain@nightly	2026-07-06T01:24:37.9296080Z   CARGO_HOME: /home/runner/.cargo
Rust	Run dtolnay/rust-toolchain@nightly	2026-07-06T01:24:37.9297131Z   RUSTUP_PERMIT_COPY_RENAME: 1
Rust	Run dtolnay/rust-toolchain@nightly	2026-07-06T01:24:37.9298095Z ##[endgroup]
Rust	Run dtolnay/rust-toolchain@nightly	2026-07-06T01:24:38.0192644Z info: syncing channel updates for nightly-2026-01-08-x86_64-unknown-linux-gnu
Rust	Run dtolnay/rust-toolchain@nightly	2026-07-06T01:24:38.3683653Z info: latest update on 2026-01-08 for version 1.94.0-nightly (fecb335cb 2026-01-07)
Rust	Run dtolnay/rust-toolchain@nightly	2026-07-06T01:24:38.3737840Z info: downloading 4 components
Rust	Run dtolnay/rust-toolchain@nightly	2026-07-06T01:24:47.0123200Z 
Rust	Run dtolnay/rust-toolchain@nightly	2026-07-06T01:24:47.0193682Z   nightly-2026-01-08-x86_64-unknown-linux-gnu installed - rustc 1.94.0-nightly (fecb335cb 2026-01-07)
Rust	Run dtolnay/rust-toolchain@nightly	2026-07-06T01:24:47.0195114Z 
Rust	Run dtolnay/rust-toolchain@nightly	2026-07-06T01:24:47.0255543Z ##[group]Run rustup default nightly-2026-01-08
Rust	Run dtolnay/rust-toolchain@nightly	2026-07-06T01:24:47.0255939Z ^[[36;1mrustup default nightly-2026-01-08^[[0m
Rust	Run dtolnay/rust-toolchain@nightly	2026-07-06T01:24:47.0277426Z shell: /usr/bin/bash --noprofile --norc -e -o pipefail {0}
Rust	Run dtolnay/rust-toolchain@nightly	2026-07-06T01:24:47.0277820Z env:
Rust	Run dtolnay/rust-toolchain@nightly	2026-07-06T01:24:47.0278088Z   CARGO_HOME: /home/runner/.cargo
Rust	Run dtolnay/rust-toolchain@nightly	2026-07-06T01:24:47.0278369Z ##[endgroup]
Rust	Run dtolnay/rust-toolchain@nightly	2026-07-06T01:24:47.0366721Z info: using existing install for nightly-2026-01-08-x86_64-unknown-linux-gnu
Rust	Run dtolnay/rust-toolchain@nightly	2026-07-06T01:24:47.0373789Z info: default toolchain set to nightly-2026-01-08-x86_64-unknown-linux-gnu
Rust	Run dtolnay/rust-toolchain@nightly	2026-07-06T01:24:47.0374149Z 
Rust	Run dtolnay/rust-toolchain@nightly	2026-07-06T01:24:47.0438037Z   nightly-2026-01-08-x86_64-unknown-linux-gnu unchanged - rustc 1.94.0-nightly (fecb335cb 2026-01-07)
Rust	Run dtolnay/rust-toolchain@nightly	2026-07-06T01:24:47.0438542Z 
Rust	Run dtolnay/rust-toolchain@nightly	2026-07-06T01:24:47.0472463Z ##[group]Run : create cachekey
Rust	Run dtolnay/rust-toolchain@nightly	2026-07-06T01:24:47.0472802Z ^[[36;1m: create cachekey^[[0m
Rust	Run dtolnay/rust-toolchain@nightly	2026-07-06T01:24:47.0473376Z ^[[36;1mDATE=$(rustc +nightly-2026-01-08 --version --verbose | sed -ne 's/^commit-date: \(20[0-9][0-9]\)-\([01][0-9]\)-\([0-3][0-9]\)$/\1\2\3/p')^[[0m
Rust	Run dtolnay/rust-toolchain@nightly	2026-07-06T01:24:47.0474138Z ^[[36;1mHASH=$(rustc +nightly-2026-01-08 --version --verbose | sed -ne 's/^commit-hash: //p')^[[0m
Rust	Run dtolnay/rust-toolchain@nightly	2026-07-06T01:24:47.0474678Z ^[[36;1mecho "cachekey=$(echo $DATE$HASH | head -c12)" >> $GITHUB_OUTPUT^[[0m
Rust	Run dtolnay/rust-toolchain@nightly	2026-07-06T01:24:47.0496045Z shell: /usr/bin/bash --noprofile --norc -e -o pipefail {0}
Rust	Run dtolnay/rust-toolchain@nightly	2026-07-06T01:24:47.0496427Z env:
Rust	Run dtolnay/rust-toolchain@nightly	2026-07-06T01:24:47.0496673Z   CARGO_HOME: /home/runner/.cargo
Rust	Run dtolnay/rust-toolchain@nightly	2026-07-06T01:24:47.0496954Z ##[endgroup]
Rust	Run dtolnay/rust-toolchain@nightly	2026-07-06T01:24:47.0815668Z ##[group]Run : disable incremental compilation
Rust	Run dtolnay/rust-toolchain@nightly	2026-07-06T01:24:47.0816089Z ^[[36;1m: disable incremental compilation^[[0m
Rust	Run dtolnay/rust-toolchain@nightly	2026-07-06T01:24:47.0816453Z ^[[36;1mif [ -z "${CARGO_INCREMENTAL+set}" ]; then^[[0m
Rust	Run dtolnay/rust-toolchain@nightly	2026-07-06T01:24:47.0816810Z ^[[36;1m  echo CARGO_INCREMENTAL=0 >> $GITHUB_ENV^[[0m
Rust	Run dtolnay/rust-toolchain@nightly	2026-07-06T01:24:47.0817116Z ^[[36;1mfi^[[0m
Rust	Run dtolnay/rust-toolchain@nightly	2026-07-06T01:24:47.0838964Z shell: /usr/bin/bash --noprofile --norc -e -o pipefail {0}
Rust	Run dtolnay/rust-toolchain@nightly	2026-07-06T01:24:47.0839393Z env:
Rust	Run dtolnay/rust-toolchain@nightly	2026-07-06T01:24:47.0839845Z   CARGO_HOME: /home/runner/.cargo
Rust	Run dtolnay/rust-toolchain@nightly	2026-07-06T01:24:47.0840366Z ##[endgroup]
Rust	Run dtolnay/rust-toolchain@nightly	2026-07-06T01:24:47.0904274Z ##[group]Run : enable colors in Cargo output
Rust	Run dtolnay/rust-toolchain@nightly	2026-07-06T01:24:47.0904657Z ^[[36;1m: enable colors in Cargo output^[[0m
Rust	Run dtolnay/rust-toolchain@nightly	2026-07-06T01:24:47.0905037Z ^[[36;1mif [ -z "${CARGO_TERM_COLOR+set}" ]; then^[[0m
Rust	Run dtolnay/rust-toolchain@nightly	2026-07-06T01:24:47.0905396Z ^[[36;1m  echo CARGO_TERM_COLOR=always >> $GITHUB_ENV^[[0m
Rust	Run dtolnay/rust-toolchain@nightly	2026-07-06T01:24:47.0905708Z ^[[36;1mfi^[[0m
Rust	Run dtolnay/rust-toolchain@nightly	2026-07-06T01:24:47.0925819Z shell: /usr/bin/bash --noprofile --norc -e -o pipefail {0}
Rust	Run dtolnay/rust-toolchain@nightly	2026-07-06T01:24:47.0926199Z env:
Rust	Run dtolnay/rust-toolchain@nightly	2026-07-06T01:24:47.0926439Z   CARGO_HOME: /home/runner/.cargo
Rust	Run dtolnay/rust-toolchain@nightly	2026-07-06T01:24:47.0926723Z   CARGO_INCREMENTAL: 0
Rust	Run dtolnay/rust-toolchain@nightly	2026-07-06T01:24:47.0926966Z ##[endgroup]
Rust	Run dtolnay/rust-toolchain@nightly	2026-07-06T01:24:47.0991608Z ##[group]Run : enable Cargo sparse registry
Rust	Run dtolnay/rust-toolchain@nightly	2026-07-06T01:24:47.0991997Z ^[[36;1m: enable Cargo sparse registry^[[0m
Rust	Run dtolnay/rust-toolchain@nightly	2026-07-06T01:24:47.0992395Z ^[[36;1m# implemented in 1.66, stabilized in 1.68, made default in 1.70^[[0m
Rust	Run dtolnay/rust-toolchain@nightly	2026-07-06T01:24:47.0993100Z ^[[36;1mif [ -z "${CARGO_REGISTRIES_CRATES_IO_PROTOCOL+set}" -o -f "/home/runner/work/_temp"/.implicit_cargo_registries_crates_io_protocol ]; then^[[0m
Rust	Run dtolnay/rust-toolchain@nightly	2026-07-06T01:24:47.0994001Z ^[[36;1m  if rustc +nightly-2026-01-08 --version --verbose | grep -q '^release: 1\.6[89]\.'; then^[[0m
Rust	Run dtolnay/rust-toolchain@nightly	2026-07-06T01:24:47.0994611Z ^[[36;1m    touch "/home/runner/work/_temp"/.implicit_cargo_registries_crates_io_protocol || true^[[0m
Rust	Run dtolnay/rust-toolchain@nightly	2026-07-06T01:24:47.0995152Z ^[[36;1m    echo CARGO_REGISTRIES_CRATES_IO_PROTOCOL=sparse >> $GITHUB_ENV^[[0m
Rust	Run dtolnay/rust-toolchain@nightly	2026-07-06T01:24:47.0995707Z ^[[36;1m  elif rustc +nightly-2026-01-08 --version --verbose | grep -q '^release: 1\.6[67]\.'; then^[[0m
Rust	Run dtolnay/rust-toolchain@nightly	2026-07-06T01:24:47.0996314Z ^[[36;1m    touch "/home/runner/work/_temp"/.implicit_cargo_registries_crates_io_protocol || true^[[0m
Rust	Run dtolnay/rust-toolchain@nightly	2026-07-06T01:24:47.0996840Z ^[[36;1m    echo CARGO_REGISTRIES_CRATES_IO_PROTOCOL=git >> $GITHUB_ENV^[[0m
Rust	Run dtolnay/rust-toolchain@nightly	2026-07-06T01:24:47.0997215Z ^[[36;1m  fi^[[0m
Rust	Run dtolnay/rust-toolchain@nightly	2026-07-06T01:24:47.0997439Z ^[[36;1mfi^[[0m
Rust	Run dtolnay/rust-toolchain@nightly	2026-07-06T01:24:47.1017360Z shell: /usr/bin/bash --noprofile --norc -e -o pipefail {0}
Rust	Run dtolnay/rust-toolchain@nightly	2026-07-06T01:24:47.1017763Z env:
Rust	Run dtolnay/rust-toolchain@nightly	2026-07-06T01:24:47.1018007Z   CARGO_HOME: /home/runner/.cargo
Rust	Run dtolnay/rust-toolchain@nightly	2026-07-06T01:24:47.1018298Z   CARGO_INCREMENTAL: 0
Rust	Run dtolnay/rust-toolchain@nightly	2026-07-06T01:24:47.1018562Z   CARGO_TERM_COLOR: always
Rust	Run dtolnay/rust-toolchain@nightly	2026-07-06T01:24:47.1018816Z ##[endgroup]
Rust	Run dtolnay/rust-toolchain@nightly	2026-07-06T01:24:47.1318898Z ##[group]Run : work around spurious network errors in curl 8.0
Rust	Run dtolnay/rust-toolchain@nightly	2026-07-06T01:24:47.1319400Z ^[[36;1m: work around spurious network errors in curl 8.0^[[0m
Rust	Run dtolnay/rust-toolchain@nightly	2026-07-06T01:24:47.1320315Z ^[[36;1m# https://rust-lang.zulipchat.com/#narrow/stream/246057-t-cargo/topic/timeout.20investigation^[[0m
Rust	Run dtolnay/rust-toolchain@nightly	2026-07-06T01:24:47.1321013Z ^[[36;1mif rustc +nightly-2026-01-08 --version --verbose | grep -q '^release: 1\.7[01]\.'; then^[[0m
Rust	Run dtolnay/rust-toolchain@nightly	2026-07-06T01:24:47.1321530Z ^[[36;1m  echo CARGO_HTTP_MULTIPLEXING=false >> $GITHUB_ENV^[[0m
Rust	Run dtolnay/rust-toolchain@nightly	2026-07-06T01:24:47.1321863Z ^[[36;1mfi^[[0m
Rust	Run dtolnay/rust-toolchain@nightly	2026-07-06T01:24:47.1344753Z shell: /usr/bin/bash --noprofile --norc -e -o pipefail {0}
Rust	Run dtolnay/rust-toolchain@nightly	2026-07-06T01:24:47.1345137Z env:
Rust	Run dtolnay/rust-toolchain@nightly	2026-07-06T01:24:47.1345396Z   CARGO_HOME: /home/runner/.cargo
Rust	Run dtolnay/rust-toolchain@nightly	2026-07-06T01:24:47.1345709Z   CARGO_INCREMENTAL: 0
Rust	Run dtolnay/rust-toolchain@nightly	2026-07-06T01:24:47.1345974Z   CARGO_TERM_COLOR: always
Rust	Run dtolnay/rust-toolchain@nightly	2026-07-06T01:24:47.1346238Z ##[endgroup]
Rust	Run dtolnay/rust-toolchain@nightly	2026-07-06T01:24:47.1608202Z ##[group]Run rustc +nightly-2026-01-08 --version --verbose
Rust	Run dtolnay/rust-toolchain@nightly	2026-07-06T01:24:47.1608676Z ^[[36;1mrustc +nightly-2026-01-08 --version --verbose^[[0m
Rust	Run dtolnay/rust-toolchain@nightly	2026-07-06T01:24:47.1631644Z shell: /usr/bin/bash --noprofile --norc -e -o pipefail {0}
Rust	Run dtolnay/rust-toolchain@nightly	2026-07-06T01:24:47.1632055Z env:
Rust	Run dtolnay/rust-toolchain@nightly	2026-07-06T01:24:47.1632311Z   CARGO_HOME: /home/runner/.cargo
Rust	Run dtolnay/rust-toolchain@nightly	2026-07-06T01:24:47.1632611Z   CARGO_INCREMENTAL: 0
Rust	Run dtolnay/rust-toolchain@nightly	2026-07-06T01:24:47.1632869Z   CARGO_TERM_COLOR: always
Rust	Run dtolnay/rust-toolchain@nightly	2026-07-06T01:24:47.1633126Z ##[endgroup]
Rust	Run dtolnay/rust-toolchain@nightly	2026-07-06T01:24:47.1774950Z rustc 1.94.0-nightly (fecb335cb 2026-01-07)
Rust	Run dtolnay/rust-toolchain@nightly	2026-07-06T01:24:47.1775704Z binary: rustc
Rust	Run dtolnay/rust-toolchain@nightly	2026-07-06T01:24:47.1776201Z commit-hash: fecb335cbad3d84ef3da39191ba094e6c726a5b4
Rust	Run dtolnay/rust-toolchain@nightly	2026-07-06T01:24:47.1776785Z commit-date: 2026-01-07
Rust	Run dtolnay/rust-toolchain@nightly	2026-07-06T01:24:47.1777258Z host: x86_64-unknown-linux-gnu
Rust	Run dtolnay/rust-toolchain@nightly	2026-07-06T01:24:47.1777633Z release: 1.94.0-nightly
Rust	Run dtolnay/rust-toolchain@nightly	2026-07-06T01:24:47.1778342Z LLVM version: 21.1.8
Rust	Run unit/integration tests	﻿2026-07-06T01:24:47.1848213Z ##[group]Run cargo test --workspace
Rust	Run unit/integration tests	2026-07-06T01:24:47.1848589Z ^[[36;1mcargo test --workspace^[[0m
Rust	Run unit/integration tests	2026-07-06T01:24:47.1871486Z shell: /usr/bin/bash -e {0}
Rust	Run unit/integration tests	2026-07-06T01:24:47.1871801Z env:
Rust	Run unit/integration tests	2026-07-06T01:24:47.1872047Z   CARGO_HOME: /home/runner/.cargo
Rust	Run unit/integration tests	2026-07-06T01:24:47.1872341Z   CARGO_INCREMENTAL: 0
Rust	Run unit/integration tests	2026-07-06T01:24:47.1872620Z   CARGO_TERM_COLOR: always
Rust	Run unit/integration tests	2026-07-06T01:24:47.1872885Z   FOCUSA_TEST_MODE: 1
Rust	Run unit/integration tests	2026-07-06T01:24:47.1873128Z ##[endgroup]
Rust	Run unit/integration tests	2026-07-06T01:24:47.2274730Z ^[[1m^[[92m    Updating^[[0m crates.io index
Rust	Run unit/integration tests	2026-07-06T01:24:48.2296957Z ^[[1m^[[92m Downloading^[[0m crates ...
Rust	Run unit/integration tests	2026-07-06T01:24:48.3637595Z ^[[1m^[[92m  Downloaded^[[0m anstream v0.6.21
Rust	Run unit/integration tests	2026-07-06T01:24:48.3747731Z ^[[1m^[[92m  Downloaded^[[0m alloc-no-stdlib v2.0.4
Rust	Run unit/integration tests	2026-07-06T01:24:48.3768607Z ^[[1m^[[92m  Downloaded^[[0m anstyle-query v1.1.5
Rust	Run unit/integration tests	2026-07-06T01:24:48.3805427Z ^[[1m^[[92m  Downloaded^[[0m anstyle v1.0.13
Rust	Run unit/integration tests	2026-07-06T01:24:48.3851784Z ^[[1m^[[92m  Downloaded^[[0m allocator-api2 v0.2.21
Rust	Run unit/integration tests	2026-07-06T01:24:48.3887799Z ^[[1m^[[92m  Downloaded^[[0m http-body v1.0.1
Rust	Run unit/integration tests	2026-07-06T01:24:48.3903274Z ^[[1m^[[92m  Downloaded^[[0m alloc-stdlib v0.2.2
Rust	Run unit/integration tests	2026-07-06T01:24:48.3970112Z ^[[1m^[[92m  Downloaded^[[0m bit-vec v0.6.3
Rust	Run unit/integration tests	2026-07-06T01:24:48.3989240Z ^[[1m^[[92m  Downloaded^[[0m anstyle-parse v0.2.7
Rust	Run unit/integration tests	2026-07-06T01:24:48.4016688Z ^[[1m^[[92m  Downloaded^[[0m ahash v0.8.12
Rust	Run unit/integration tests	2026-07-06T01:24:48.4048374Z ^[[1m^[[92m  Downloaded^[[0m equivalent v1.0.2
Rust	Run unit/integration tests	2026-07-06T01:24:48.4066517Z ^[[1m^[[92m  Downloaded^[[0m aho-corasick v1.1.4
Rust	Run unit/integration tests	2026-07-06T01:24:48.4113003Z ^[[1m^[[92m  Downloaded^[[0m potential_utf v0.1.4
Rust	Run unit/integration tests	2026-07-06T01:24:48.4128971Z ^[[1m^[[92m  Downloaded^[[0m castaway v0.2.4
Rust	Run unit/integration tests	2026-07-06T01:24:48.4160356Z ^[[1m^[[92m  Downloaded^[[0m futures-io v0.3.31
Rust	Run unit/integration tests	2026-07-06T01:24:48.4175857Z ^[[1m^[[92m  Downloaded^[[0m cpufeatures v0.2.17
Rust	Run unit/integration tests	2026-07-06T01:24:48.4196075Z ^[[1m^[[92m  Downloaded^[[0m generic-array v0.14.7
Rust	Run unit/integration tests	2026-07-06T01:24:48.4215430Z ^[[1m^[[92m  Downloaded^[[0m if-addrs v0.13.4
Rust	Run unit/integration tests	2026-07-06T01:24:48.4236367Z ^[[1m^[[92m  Downloaded^[[0m icu_locale_core v2.1.1
Rust	Run unit/integration tests	2026-07-06T01:24:48.4292191Z ^[[1m^[[92m  Downloaded^[[0m cfg_aliases v0.2.1
Rust	Run unit/integration tests	2026-07-06T01:24:48.4306425Z ^[[1m^[[92m  Downloaded^[[0m percent-encoding v2.3.2
Rust	Run unit/integration tests	2026-07-06T01:24:48.4322610Z ^[[1m^[[92m  Downloaded^[[0m lz4_flex v0.13.1
Rust	Run unit/integration tests	2026-07-06T01:24:48.4346437Z ^[[1m^[[92m  Downloaded^[[0m clap_derive v4.5.55
Rust	Run unit/integration tests	2026-07-06T01:24:48.4372466Z ^[[1m^[[92m  Downloaded^[[0m half v2.7.1
Rust	Run unit/integration tests	2026-07-06T01:24:48.4402199Z ^[[1m^[[92m  Downloaded^[[0m log v0.4.29
Rust	Run unit/integration tests	2026-07-06T01:24:48.4429491Z ^[[1m^[[92m  Downloaded^[[0m getrandom v0.3.4
Rust	Run unit/integration tests	2026-07-06T01:24:48.4464817Z ^[[1m^[[92m  Downloaded^[[0m hex v0.4.3
Rust	Run unit/integration tests	2026-07-06T01:24:48.4490342Z ^[[1m^[[92m  Downloaded^[[0m quote v1.0.44
Rust	Run unit/integration tests	2026-07-06T01:24:48.4517185Z ^[[1m^[[92m  Downloaded^[[0m digest v0.10.7
Rust	Run unit/integration tests	2026-07-06T01:24:48.4535100Z ^[[1m^[[92m  Downloaded^[[0m filedescriptor v0.8.3
Rust	Run unit/integration tests	2026-07-06T01:24:48.4554144Z ^[[1m^[[92m  Downloaded^[[0m futures-macro v0.3.31
Rust	Run unit/integration tests	2026-07-06T01:24:48.4576871Z ^[[1m^[[92m  Downloaded^[[0m futures-sink v0.3.31
Rust	Run unit/integration tests	2026-07-06T01:24:48.4594729Z ^[[1m^[[92m  Downloaded^[[0m hyper v1.8.1
Rust	Run unit/integration tests	2026-07-06T01:24:48.4656153Z ^[[1m^[[92m  Downloaded^[[0m form_urlencoded v1.2.2
Rust	Run unit/integration tests	2026-07-06T01:24:48.4678509Z ^[[1m^[[92m  Downloaded^[[0m serde_derive v1.0.228
Rust	Run unit/integration tests	2026-07-06T01:24:48.4704281Z ^[[1m^[[92m  Downloaded^[[0m arrow-buffer v58.3.0
Rust	Run unit/integration tests	2026-07-06T01:24:48.4753729Z ^[[1m^[[92m  Downloaded^[[0m rand_chacha v0.3.1
Rust	Run unit/integration tests	2026-07-06T01:24:48.4774827Z ^[[1m^[[92m  Downloaded^[[0m memmem v0.1.1
Rust	Run unit/integration tests	2026-07-06T01:24:48.4790283Z ^[[1m^[[92m  Downloaded^[[0m heck v0.5.0
Rust	Run unit/integration tests	2026-07-06T01:24:48.4800318Z ^[[1m^[[92m  Downloaded^[[0m crossterm v0.28.1
Rust	Run unit/integration tests	2026-07-06T01:24:48.4875752Z ^[[1m^[[92m  Downloaded^[[0m rustc_version v0.4.1
Rust	Run unit/integration tests	2026-07-06T01:24:48.4891214Z ^[[1m^[[92m  Downloaded^[[0m flate2 v1.1.9
Rust	Run unit/integration tests	2026-07-06T01:24:48.4936376Z ^[[1m^[[92m  Downloaded^[[0m displaydoc v0.2.5
Rust	Run unit/integration tests	2026-07-06T01:24:48.4978238Z ^[[1m^[[92m  Downloaded^[[0m rand v0.9.4
Rust	Run unit/integration tests	2026-07-06T01:24:48.5017672Z ^[[1m^[[92m  Downloaded^[[0m ratatui v0.30.0
Rust	Run unit/integration tests	2026-07-06T01:24:48.5074544Z ^[[1m^[[92m  Downloaded^[[0m serde_urlencoded v0.7.1
Rust	Run unit/integration tests	2026-07-06T01:24:48.5100819Z ^[[1m^[[92m  Downloaded^[[0m socket2 v0.5.10
Rust	Run unit/integration tests	2026-07-06T01:24:48.5117448Z ^[[1m^[[92m  Downloaded^[[0m snap v1.1.1
Rust	Run unit/integration tests	2026-07-06T01:24:48.5154553Z ^[[1m^[[92m  Downloaded^[[0m spin v0.9.8
Rust	Run unit/integration tests	2026-07-06T01:24:48.5196623Z ^[[1m^[[92m  Downloaded^[[0m strum v0.27.2
Rust	Run unit/integration tests	2026-07-06T01:24:48.5210333Z ^[[1m^[[92m  Downloaded^[[0m semver v1.0.28
Rust	Run unit/integration tests	2026-07-06T01:24:48.5242208Z ^[[1m^[[92m  Downloaded^[[0m thiserror v2.0.18
Rust	Run unit/integration tests	2026-07-06T01:24:48.5300376Z ^[[1m^[[92m  Downloaded^[[0m time-core v0.1.8
Rust	Run unit/integration tests	2026-07-06T01:24:48.5317472Z ^[[1m^[[92m  Downloaded^[[0m twox-hash v2.1.2
Rust	Run unit/integration tests	2026-07-06T01:24:48.5342002Z ^[[1m^[[92m  Downloaded^[[0m ucd-trie v0.1.7
Rust	Run unit/integration tests	2026-07-06T01:24:48.5354666Z ^[[1m^[[92m  Downloaded^[[0m rusqlite v0.32.1
Rust	Run unit/integration tests	2026-07-06T01:24:48.5410353Z ^[[1m^[[92m  Downloaded^[[0m tower-http v0.6.8
Rust	Run unit/integration tests	2026-07-06T01:24:48.5469334Z ^[[1m^[[92m  Downloaded^[[0m wezterm-dynamic-derive v0.1.1
Rust	Run unit/integration tests	2026-07-06T01:24:48.5477345Z ^[[1m^[[92m  Downloaded^[[0m want v0.3.1
Rust	Run unit/integration tests	2026-07-06T01:24:48.5493605Z ^[[1m^[[92m  Downloaded^[[0m pest_generator v2.8.6
Rust	Run unit/integration tests	2026-07-06T01:24:48.5510301Z ^[[1m^[[92m  Downloaded^[[0m phf v0.11.3
Rust	Run unit/integration tests	2026-07-06T01:24:48.5520802Z ^[[1m^[[92m  Downloaded^[[0m kasuari v0.4.12
Rust	Run unit/integration tests	2026-07-06T01:24:48.5537797Z ^[[1m^[[92m  Downloaded^[[0m icu_collections v2.1.1
Rust	Run unit/integration tests	2026-07-06T01:24:48.5597560Z ^[[1m^[[92m  Downloaded^[[0m wezterm-color-types v0.3.0
Rust	Run unit/integration tests	2026-07-06T01:24:48.5607803Z ^[[1m^[[92m  Downloaded^[[0m sha2 v0.10.9
Rust	Run unit/integration tests	2026-07-06T01:24:48.5626480Z ^[[1m^[[92m  Downloaded^[[0m unicode-ident v1.0.22
Rust	Run unit/integration tests	2026-07-06T01:24:48.5650117Z ^[[1m^[[92m  Downloaded^[[0m which v7.0.3
Rust	Run unit/integration tests	2026-07-06T01:24:48.5663084Z ^[[1m^[[92m  Downloaded^[[0m static_assertions v1.1.0
Rust	Run unit/integration tests	2026-07-06T01:24:48.5692249Z ^[[1m^[[92m  Downloaded^[[0m version_check v0.9.5
Rust	Run unit/integration tests	2026-07-06T01:24:48.5701704Z ^[[1m^[[92m  Downloaded^[[0m terminfo v0.9.0
Rust	Run unit/integration tests	2026-07-06T01:24:48.5723714Z ^[[1m^[[92m  Downloaded^[[0m wezterm-dynamic v0.2.1
Rust	Run unit/integration tests	2026-07-06T01:24:48.5735494Z ^[[1m^[[92m  Downloaded^[[0m tower v0.5.3
Rust	Run unit/integration tests	2026-07-06T01:24:48.5816509Z ^[[1m^[[92m  Downloaded^[[0m zerotrie v0.2.3
Rust	Run unit/integration tests	2026-07-06T01:24:48.5856127Z ^[[1m^[[92m  Downloaded^[[0m zerocopy v0.8.39
Rust	Run unit/integration tests	2026-07-06T01:24:48.5997876Z ^[[1m^[[92m  Downloaded^[[0m zstd-sys v2.0.13+zstd.1.5.6
Rust	Run unit/integration tests	2026-07-06T01:24:48.6120558Z ^[[1m^[[92m  Downloaded^[[0m writeable v0.6.2
Rust	Run unit/integration tests	2026-07-06T01:24:48.6138737Z ^[[1m^[[92m  Downloaded^[[0m unicode-truncate v2.0.1
Rust	Run unit/integration tests	2026-07-06T01:24:48.6156111Z ^[[1m^[[92m  Downloaded^[[0m tracing-serde v0.2.0
Rust	Run unit/integration tests	2026-07-06T01:24:48.6165349Z ^[[1m^[[92m  Downloaded^[[0m rustix v0.38.44
Rust	Run unit/integration tests	2026-07-06T01:24:48.6327147Z ^[[1m^[[92m  Downloaded^[[0m serde v1.0.228
Rust	Run unit/integration tests	2026-07-06T01:24:48.6356288Z ^[[1m^[[92m  Downloaded^[[0m utf8_iter v1.0.4
Rust	Run unit/integration tests	2026-07-06T01:24:48.6367668Z ^[[1m^[[92m  Downloaded^[[0m wezterm-blob-leases v0.1.1
Rust	Run unit/integration tests	2026-07-06T01:24:48.6381797Z ^[[1m^[[92m  Downloaded^[[0m tinyvec v1.10.0
Rust	Run unit/integration tests	2026-07-06T01:24:48.6411641Z ^[[1m^[[92m  Downloaded^[[0m thiserror v1.0.69
Rust	Run unit/integration tests	2026-07-06T01:24:48.6452247Z ^[[1m^[[92m  Downloaded^[[0m tracing v0.1.44
Rust	Run unit/integration tests	2026-07-06T01:24:48.6566329Z ^[[1m^[[92m  Downloaded^[[0m zstd-safe v7.2.1
Rust	Run unit/integration tests	2026-07-06T01:24:48.6577340Z ^[[1m^[[92m  Downloaded^[[0m zmij v1.0.19
Rust	Run unit/integration tests	2026-07-06T01:24:48.6592526Z ^[[1m^[[92m  Downloaded^[[0m yoke v0.8.1
Rust	Run unit/integration tests	2026-07-06T01:24:48.6607941Z ^[[1m^[[92m  Downloaded^[[0m webpki-roots v1.0.6
Rust	Run unit/integration tests	2026-07-06T01:24:48.6638376Z ^[[1m^[[92m  Downloaded^[[0m rustix v1.1.3
Rust	Run unit/integration tests	2026-07-06T01:24:48.6793671Z ^[[1m^[[92m  Downloaded^[[0m libc v0.2.180
Rust	Run unit/integration tests	2026-07-06T01:24:48.7017965Z ^[[1m^[[92m  Downloaded^[[0m tinystr v0.8.2
Rust	Run unit/integration tests	2026-07-06T01:24:48.7033201Z ^[[1m^[[92m  Downloaded^[[0m syn v2.0.114
Rust	Run unit/integration tests	2026-07-06T01:24:48.7105811Z ^[[1m^[[92m  Downloaded^[[0m tiny-keccak v2.0.2
Rust	Run unit/integration tests	2026-07-06T01:24:48.7125906Z ^[[1m^[[92m  Downloaded^[[0m tokio-util v0.7.18
Rust	Run unit/integration tests	2026-07-06T01:24:48.7173279Z ^[[1m^[[92m  Downloaded^[[0m parquet v58.3.0
Rust	Run unit/integration tests	2026-07-06T01:24:48.7344516Z ^[[1m^[[92m  Downloaded^[[0m urlencoding v2.1.3
Rust	Run unit/integration tests	2026-07-06T01:24:48.7357650Z ^[[1m^[[92m  Downloaded^[[0m tokio v1.49.0
Rust	Run unit/integration tests	2026-07-06T01:24:48.7619062Z ^[[1m^[[92m  Downloaded^[[0m tower-service v0.3.3
Rust	Run unit/integration tests	2026-07-06T01:24:48.7625852Z ^[[1m^[[92m  Downloaded^[[0m zerovec v0.11.5
Rust	Run unit/integration tests	2026-07-06T01:24:48.7660693Z ^[[1m^[[92m  Downloaded^[[0m pxfm v0.1.29
Rust	Run unit/integration tests	2026-07-06T01:24:48.7820437Z ^[[1m^[[92m  Downloaded^[[0m zerocopy-derive v0.8.39
Rust	Run unit/integration tests	2026-07-06T01:24:48.7874355Z ^[[1m^[[92m  Downloaded^[[0m unicode-segmentation v1.12.0
Rust	Run unit/integration tests	2026-07-06T01:24:48.7895646Z ^[[1m^[[92m  Downloaded^[[0m termwiz v0.23.3
Rust	Run unit/integration tests	2026-07-06T01:24:48.7983043Z ^[[1m^[[92m  Downloaded^[[0m tower-layer v0.3.3
Rust	Run unit/integration tests	2026-07-06T01:24:48.7990770Z ^[[1m^[[92m  Downloaded^[[0m vtparse v0.6.2
Rust	Run unit/integration tests	2026-07-06T01:24:48.7998028Z ^[[1m^[[92m  Downloaded^[[0m ratatui-widgets v0.3.0
Rust	Run unit/integration tests	2026-07-06T01:24:48.8046237Z ^[[1m^[[92m  Downloaded^[[0m thiserror-impl v2.0.18
Rust	Run unit/integration tests	2026-07-06T01:24:48.8056778Z ^[[1m^[[92m  Downloaded^[[0m image v0.25.10
Rust	Run unit/integration tests	2026-07-06T01:24:48.8117276Z ^[[1m^[[92m  Downloaded^[[0m tinyvec_macros v0.1.1
Rust	Run unit/integration tests	2026-07-06T01:24:48.8123317Z ^[[1m^[[92m  Downloaded^[[0m sync_wrapper v1.0.2
Rust	Run unit/integration tests	2026-07-06T01:24:48.8131296Z ^[[1m^[[92m  Downloaded^[[0m slab v0.4.12
Rust	Run unit/integration tests	2026-07-06T01:24:48.8140337Z ^[[1m^[[92m  Downloaded^[[0m quinn-proto v0.11.14
Rust	Run unit/integration tests	2026-07-06T01:24:48.8186365Z ^[[1m^[[92m  Downloaded^[[0m quinn v0.11.9
Rust	Run unit/integration tests	2026-07-06T01:24:48.8210256Z ^[[1m^[[92m  Downloaded^[[0m moxcms v0.8.1
Rust	Run unit/integration tests	2026-07-06T01:24:48.8269807Z ^[[1m^[[92m  Downloaded^[[0m libm v0.2.16
Rust	Run unit/integration tests	2026-07-06T01:24:48.8331772Z ^[[1m^[[92m  Downloaded^[[0m zstd v0.13.3
Rust	Run unit/integration tests	2026-07-06T01:24:48.8350067Z ^[[1m^[[92m  Downloaded^[[0m zerovec-derive v0.11.2
Rust	Run unit/integration tests	2026-07-06T01:24:48.8361380Z ^[[1m^[[92m  Downloaded^[[0m wezterm-input-types v0.1.0
Rust	Run unit/integration tests	2026-07-06T01:24:48.8368084Z ^[[1m^[[92m  Downloaded^[[0m portable-atomic v1.13.1
Rust	Run unit/integration tests	2026-07-06T01:24:48.8415318Z ^[[1m^[[92m  Downloaded^[[0m num-bigint v0.4.6
Rust	Run unit/integration tests	2026-07-06T01:24:48.8446308Z ^[[1m^[[92m  Downloaded^[[0m itertools v0.14.0
Rust	Run unit/integration tests	2026-07-06T01:24:48.8489264Z ^[[1m^[[92m  Downloaded^[[0m serde_core v1.0.228
Rust	Run unit/integration tests	2026-07-06T01:24:48.8509228Z ^[[1m^[[92m  Downloaded^[[0m iri-string v0.7.10
Rust	Run unit/integration tests	2026-07-06T01:24:48.8560730Z ^[[1m^[[92m  Downloaded^[[0m idna v1.1.0
Rust	Run unit/integration tests	2026-07-06T01:24:48.8592251Z ^[[1m^[[92m  Downloaded^[[0m icu_properties_data v2.1.2
Rust	Run unit/integration tests	2026-07-06T01:24:48.8656934Z ^[[1m^[[92m  Downloaded^[[0m linux-raw-sys v0.4.15
Rust	Run unit/integration tests	2026-07-06T01:24:48.8968576Z ^[[1m^[[92m  Downloaded^[[0m zeroize v1.8.2
Rust	Run unit/integration tests	2026-07-06T01:24:48.8979995Z ^[[1m^[[92m  Downloaded^[[0m zerofrom-derive v0.1.6
Rust	Run unit/integration tests	2026-07-06T01:24:48.8987199Z ^[[1m^[[92m  Downloaded^[[0m zerofrom v0.1.6
Rust	Run unit/integration tests	2026-07-06T01:24:48.8994177Z ^[[1m^[[92m  Downloaded^[[0m yoke-derive v0.8.1
Rust	Run unit/integration tests	2026-07-06T01:24:48.9001212Z ^[[1m^[[92m  Downloaded^[[0m uuid v1.20.0
Rust	Run unit/integration tests	2026-07-06T01:24:48.9022085Z ^[[1m^[[92m  Downloaded^[[0m synstructure v0.13.2
Rust	Run unit/integration tests	2026-07-06T01:24:48.9030091Z ^[[1m^[[92m  Downloaded^[[0m linux-raw-sys v0.11.0
Rust	Run unit/integration tests	2026-07-06T01:24:48.9410411Z ^[[1m^[[92m  Downloaded^[[0m zlib-rs v0.6.3
Rust	Run unit/integration tests	2026-07-06T01:24:48.9443956Z ^[[1m^[[92m  Downloaded^[[0m stable_deref_trait v1.2.1
Rust	Run unit/integration tests	2026-07-06T01:24:48.9449875Z ^[[1m^[[92m  Downloaded^[[0m nom v7.1.3
Rust	Run unit/integration tests	2026-07-06T01:24:48.9483350Z ^[[1m^[[92m  Downloaded^[[0m simdutf8 v0.1.5
Rust	Run unit/integration tests	2026-07-06T01:24:48.9498692Z ^[[1m^[[92m  Downloaded^[[0m strsim v0.11.1
Rust	Run unit/integration tests	2026-07-06T01:24:48.9507838Z ^[[1m^[[92m  Downloaded^[[0m qrcode v0.14.1
Rust	Run unit/integration tests	2026-07-06T01:24:48.9528332Z ^[[1m^[[92m  Downloaded^[[0m proc-macro2 v1.0.106
Rust	Run unit/integration tests	2026-07-06T01:24:48.9557121Z ^[[1m^[[92m  Downloaded^[[0m pest v2.8.6
Rust	Run unit/integration tests	2026-07-06T01:24:48.9593961Z ^[[1m^[[92m  Downloaded^[[0m parking_lot_core v0.9.12
Rust	Run unit/integration tests	2026-07-06T01:24:48.9608124Z ^[[1m^[[92m  Downloaded^[[0m mio v1.1.1
Rust	Run unit/integration tests	2026-07-06T01:24:48.9642282Z ^[[1m^[[92m  Downloaded^[[0m ipnet v2.11.0
Rust	Run unit/integration tests	2026-07-06T01:24:48.9654739Z ^[[1m^[[92m  Downloaded^[[0m icu_properties v2.1.2
Rust	Run unit/integration tests	2026-07-06T01:24:48.9671535Z ^[[1m^[[92m  Downloaded^[[0m utf8parse v0.2.2
Rust	Run unit/integration tests	2026-07-06T01:24:48.9678854Z ^[[1m^[[92m  Downloaded^[[0m url v2.5.8
Rust	Run unit/integration tests	2026-07-06T01:24:48.9701014Z ^[[1m^[[92m  Downloaded^[[0m unicode-width v0.2.0
Rust	Run unit/integration tests	2026-07-06T01:24:48.9741732Z ^[[1m^[[92m  Downloaded^[[0m tokio-macros v2.6.0
Rust	Run unit/integration tests	2026-07-06T01:24:48.9749225Z ^[[1m^[[92m  Downloaded^[[0m shlex v1.3.0
Rust	Run unit/integration tests	2026-07-06T01:24:48.9758308Z ^[[1m^[[92m  Downloaded^[[0m rustls-webpki v0.103.13
Rust	Run unit/integration tests	2026-07-06T01:24:48.9779296Z ^[[1m^[[92m  Downloaded^[[0m paste v1.0.15
Rust	Run unit/integration tests	2026-07-06T01:24:48.9797459Z ^[[1m^[[92m  Downloaded^[[0m socket2 v0.6.2
Rust	Run unit/integration tests	2026-07-06T01:24:48.9812357Z ^[[1m^[[92m  Downloaded^[[0m smallvec v1.15.1
Rust	Run unit/integration tests	2026-07-06T01:24:48.9826708Z ^[[1m^[[92m  Downloaded^[[0m nix v0.29.0
Rust	Run unit/integration tests	2026-07-06T01:24:48.9897040Z ^[[1m^[[92m  Downloaded^[[0m icu_normalizer_data v2.1.1
Rust	Run unit/integration tests	2026-07-06T01:24:48.9912102Z ^[[1m^[[92m  Downloaded^[[0m pkg-config v0.3.32
Rust	Run unit/integration tests	2026-07-06T01:24:48.9921835Z ^[[1m^[[92m  Downloaded^[[0m phf_generator v0.11.3
Rust	Run unit/integration tests	2026-07-06T01:24:48.9930170Z ^[[1m^[[92m  Downloaded^[[0m minimal-lexical v0.2.1
Rust	Run unit/integration tests	2026-07-06T01:24:48.9957275Z ^[[1m^[[92m  Downloaded^[[0m wezterm-bidi v0.2.3
Rust	Run unit/integration tests	2026-07-06T01:24:48.9971689Z ^[[1m^[[92m  Downloaded^[[0m typenum v1.19.0
Rust	Run unit/integration tests	2026-07-06T01:24:48.9991545Z ^[[1m^[[92m  Downloaded^[[0m tracing-log v0.2.0
Rust	Run unit/integration tests	2026-07-06T01:24:49.0000946Z ^[[1m^[[92m  Downloaded^[[0m tokio-rustls v0.26.4
Rust	Run unit/integration tests	2026-07-06T01:24:49.0014297Z ^[[1m^[[92m  Downloaded^[[0m seq-macro v0.3.6
Rust	Run unit/integration tests	2026-07-06T01:24:49.0026228Z ^[[1m^[[92m  Downloaded^[[0m powerfmt v0.2.0
Rust	Run unit/integration tests	2026-07-06T01:24:49.0034430Z ^[[1m^[[92m  Downloaded^[[0m polling v2.8.0
Rust	Run unit/integration tests	2026-07-06T01:24:49.0050836Z ^[[1m^[[92m  Downloaded^[[0m pest_meta v2.8.6
Rust	Run unit/integration tests	2026-07-06T01:24:49.0068070Z ^[[1m^[[92m  Downloaded^[[0m mdns-sd v0.11.5
Rust	Run unit/integration tests	2026-07-06T01:24:49.0089939Z ^[[1m^[[92m  Downloaded^[[0m jobserver v0.1.34
Rust	Run unit/integration tests	2026-07-06T01:24:49.0102302Z ^[[1m^[[92m  Downloaded^[[0m ordered-float v2.10.1
Rust	Run unit/integration tests	2026-07-06T01:24:49.0111258Z ^[[1m^[[92m  Downloaded^[[0m once_cell v1.21.3
Rust	Run unit/integration tests	2026-07-06T01:24:49.0126054Z ^[[1m^[[92m  Downloaded^[[0m num-derive v0.4.2
Rust	Run unit/integration tests	2026-07-06T01:24:49.0137524Z ^[[1m^[[92m  Downloaded^[[0m memchr v2.7.6
Rust	Run unit/integration tests	2026-07-06T01:24:49.0175730Z ^[[1m^[[92m  Downloaded^[[0m untrusted v0.9.0
Rust	Run unit/integration tests	2026-07-06T01:24:49.0186448Z ^[[1m^[[92m  Downloaded^[[0m unicase v2.9.0
Rust	Run unit/integration tests	2026-07-06T01:24:49.0195308Z ^[[1m^[[92m  Downloaded^[[0m signal-hook v0.3.18
Rust	Run unit/integration tests	2026-07-06T01:24:49.0214228Z ^[[1m^[[92m  Downloaded^[[0m serde_json v1.0.149
Rust	Run unit/integration tests	2026-07-06T01:24:49.0257675Z ^[[1m^[[92m  Downloaded^[[0m quinn-udp v0.5.14
Rust	Run unit/integration tests	2026-07-06T01:24:49.0270257Z ^[[1m^[[92m  Downloaded^[[0m parking_lot v0.12.5
Rust	Run unit/integration tests	2026-07-06T01:24:49.0286436Z ^[[1m^[[92m  Downloaded^[[0m lru-slab v0.1.2
Rust	Run unit/integration tests	2026-07-06T01:24:49.0291953Z ^[[1m^[[92m  Downloaded^[[0m icu_normalizer v2.1.1
Rust	Run unit/integration tests	2026-07-06T01:24:49.0317488Z ^[[1m^[[92m  Downloaded^[[0m thiserror-impl v1.0.69
Rust	Run unit/integration tests	2026-07-06T01:24:49.0326626Z ^[[1m^[[92m  Downloaded^[[0m pest_derive v2.8.6
Rust	Run unit/integration tests	2026-07-06T01:24:49.0342925Z ^[[1m^[[92m  Downloaded^[[0m matchit v0.8.4
Rust	Run unit/integration tests	2026-07-06T01:24:49.0359057Z ^[[1m^[[92m  Downloaded^[[0m litrs v1.0.0
Rust	Run unit/integration tests	2026-07-06T01:24:49.0377526Z ^[[1m^[[92m  Downloaded^[[0m phf_macros v0.11.3
Rust	Run unit/integration tests	2026-07-06T01:24:49.0385140Z ^[[1m^[[92m  Downloaded^[[0m lock_api v0.4.14
Rust	Run unit/integration tests	2026-07-06T01:24:49.0393884Z ^[[1m^[[92m  Downloaded^[[0m try-lock v0.2.5
Rust	Run unit/integration tests	2026-07-06T01:24:49.0400660Z ^[[1m^[[92m  Downloaded^[[0m thread_local v1.1.9
Rust	Run unit/integration tests	2026-07-06T01:24:49.0410194Z ^[[1m^[[92m  Downloaded^[[0m syn v1.0.109
Rust	Run unit/integration tests	2026-07-06T01:24:49.0472651Z ^[[1m^[[92m  Downloaded^[[0m ryu v1.0.22
Rust	Run unit/integration tests	2026-07-06T01:24:49.0492804Z ^[[1m^[[92m  Downloaded^[[0m num-traits v0.2.19
Rust	Run unit/integration tests	2026-07-06T01:24:49.0509253Z ^[[1m^[[92m  Downloaded^[[0m tracing-core v0.1.36
Rust	Run unit/integration tests	2026-07-06T01:24:49.0526814Z ^[[1m^[[92m  Downloaded^[[0m libsqlite3-sys v0.30.1
Rust	Run unit/integration tests	2026-07-06T01:24:49.1040198Z ^[[1m^[[92m  Downloaded^[[0m tracing-attributes v0.1.31
Rust	Run unit/integration tests	2026-07-06T01:24:49.1054991Z ^[[1m^[[92m  Downloaded^[[0m tokio-stream v0.1.18
Rust	Run unit/integration tests	2026-07-06T01:24:49.1082176Z ^[[1m^[[92m  Downloaded^[[0m vcpkg v0.2.15
Rust	Run unit/integration tests	2026-07-06T01:24:49.1343305Z ^[[1m^[[92m  Downloaded^[[0m time v0.3.47
Rust	Run unit/integration tests	2026-07-06T01:24:49.1418738Z ^[[1m^[[92m  Downloaded^[[0m termios v0.3.3
Rust	Run unit/integration tests	2026-07-06T01:24:49.1429382Z ^[[1m^[[92m  Downloaded^[[0m rustls v0.23.36
Rust	Run unit/integration tests	2026-07-06T01:24:49.1503640Z ^[[1m^[[92m  Downloaded^[[0m reqwest v0.12.28
Rust	Run unit/integration tests	2026-07-06T01:24:49.1541023Z ^[[1m^[[92m  Downloaded^[[0m regex-syntax v0.8.9
Rust	Run unit/integration tests	2026-07-06T01:24:49.1590294Z ^[[1m^[[92m  Downloaded^[[0m ratatui-core v0.1.0
Rust	Run unit/integration tests	2026-07-06T01:24:49.1628174Z ^[[1m^[[92m  Downloaded^[[0m rand v0.8.6
Rust	Run unit/integration tests	2026-07-06T01:24:49.1650546Z ^[[1m^[[92m  Downloaded^[[0m thrift v0.17.0
Rust	Run unit/integration tests	2026-07-06T01:24:49.1665776Z ^[[1m^[[92m  Downloaded^[[0m tracing-subscriber v0.3.22
Rust	Run unit/integration tests	2026-07-06T01:24:49.1723663Z ^[[1m^[[92m  Downloaded^[[0m ring v0.17.14
Rust	Run unit/integration tests	2026-07-06T01:24:49.1995785Z ^[[1m^[[92m  Downloaded^[[0m regex v1.12.3
Rust	Run unit/integration tests	2026-07-06T01:24:49.2031415Z ^[[1m^[[92m  Downloaded^[[0m rand_chacha v0.9.0
Rust	Run unit/integration tests	2026-07-06T01:24:49.2038749Z ^[[1m^[[92m  Downloaded^[[0m num-complex v0.4.6
Rust	Run unit/integration tests	2026-07-06T01:24:49.2050118Z ^[[1m^[[92m  Downloaded^[[0m hashbrown v0.16.1
Rust	Run unit/integration tests	2026-07-06T01:24:49.2080970Z ^[[1m^[[92m  Downloaded^[[0m chrono v0.4.44
Rust	Run unit/integration tests	2026-07-06T01:24:49.2124259Z ^[[1m^[[92m  Downloaded^[[0m arrow-array v58.3.0
Rust	Run unit/integration tests	2026-07-06T01:24:49.2175360Z ^[[1m^[[92m  Downloaded^[[0m subtle v2.6.1
Rust	Run unit/integration tests	2026-07-06T01:24:49.2183080Z ^[[1m^[[92m  Downloaded^[[0m strum_macros v0.27.2
Rust	Run unit/integration tests	2026-07-06T01:24:49.2197964Z ^[[1m^[[92m  Downloaded^[[0m regex-automata v0.4.14
Rust	Run unit/integration tests	2026-07-06T01:24:49.2292777Z ^[[1m^[[92m  Downloaded^[[0m pin-project-lite v0.2.16
Rust	Run unit/integration tests	2026-07-06T01:24:49.2325160Z ^[[1m^[[92m  Downloaded^[[0m ordered-float v4.6.0
Rust	Run unit/integration tests	2026-07-06T01:24:49.2334545Z ^[[1m^[[92m  Downloaded^[[0m num-integer v0.1.46
Rust	Run unit/integration tests	2026-07-06T01:24:49.2344357Z ^[[1m^[[92m  Downloaded^[[0m nu-ansi-term v0.50.3
Rust	Run unit/integration tests	2026-07-06T01:24:49.2357913Z ^[[1m^[[92m  Downloaded^[[0m mac_address v1.1.8
Rust	Run unit/integration tests	2026-07-06T01:24:49.2366963Z ^[[1m^[[92m  Downloaded^[[0m litemap v0.8.1
Rust	Run unit/integration tests	2026-07-06T01:24:49.2380758Z ^[[1m^[[92m  Downloaded^[[0m ident_case v1.0.1
Rust	Run unit/integration tests	2026-07-06T01:24:49.2385489Z ^[[1m^[[92m  Downloaded^[[0m ratatui-crossterm v0.1.0
Rust	Run unit/integration tests	2026-07-06T01:24:49.2393346Z ^[[1m^[[92m  Downloaded^[[0m finl_unicode v1.4.0
Rust	Run unit/integration tests	2026-07-06T01:24:49.2416565Z ^[[1m^[[92m  Downloaded^[[0m deltae v0.3.2
Rust	Run unit/integration tests	2026-07-06T01:24:49.2520145Z ^[[1m^[[92m  Downloaded^[[0m darling_core v0.23.0
Rust	Run unit/integration tests	2026-07-06T01:24:49.2550729Z ^[[1m^[[92m  Downloaded^[[0m signal-hook-registry v1.4.8
Rust	Run unit/integration tests	2026-07-06T01:24:49.2558017Z ^[[1m^[[92m  Downloaded^[[0m sharded-slab v0.1.7
Rust	Run unit/integration tests	2026-07-06T01:24:49.2576932Z ^[[1m^[[92m  Downloaded^[[0m ratatui-macros v0.7.0
Rust	Run unit/integration tests	2026-07-06T01:24:49.2585725Z ^[[1m^[[92m  Downloaded^[[0m pin-utils v0.1.0
Rust	Run unit/integration tests	2026-07-06T01:24:49.2592876Z ^[[1m^[[92m  Downloaded^[[0m line-clipping v0.3.5
Rust	Run unit/integration tests	2026-07-06T01:24:49.2602494Z ^[[1m^[[92m  Downloaded^[[0m http-body-util v0.1.3
Rust	Run unit/integration tests	2026-07-06T01:24:49.2614131Z ^[[1m^[[92m  Downloaded^[[0m crypto-common v0.1.7
Rust	Run unit/integration tests	2026-07-06T01:24:49.2619993Z ^[[1m^[[92m  Downloaded^[[0m brotli v8.0.2
Rust	Run unit/integration tests	2026-07-06T01:24:49.2725972Z ^[[1m^[[92m  Downloaded^[[0m arrow-select v58.3.0
Rust	Run unit/integration tests	2026-07-06T01:24:49.2745591Z ^[[1m^[[92m  Downloaded^[[0m signal-hook-mio v0.2.5
Rust	Run unit/integration tests	2026-07-06T01:24:49.2753229Z ^[[1m^[[92m  Downloaded^[[0m ppv-lite86 v0.2.21
Rust	Run unit/integration tests	2026-07-06T01:24:49.2761930Z ^[[1m^[[92m  Downloaded^[[0m instability v0.3.11
Rust	Run unit/integration tests	2026-07-06T01:24:49.2771571Z ^[[1m^[[92m  Downloaded^[[0m indoc v2.0.7
Rust	Run unit/integration tests	2026-07-06T01:24:49.2789053Z ^[[1m^[[92m  Downloaded^[[0m idna_adapter v1.2.1
Rust	Run unit/integration tests	2026-07-06T01:24:49.2795414Z ^[[1m^[[92m  Downloaded^[[0m derive_more-impl v2.1.1
Rust	Run unit/integration tests	2026-07-06T01:24:49.2825807Z ^[[1m^[[92m  Downloaded^[[0m siphasher v1.0.3
Rust	Run unit/integration tests	2026-07-06T01:24:49.2833354Z ^[[1m^[[92m  Downloaded^[[0m num_threads v0.1.7
Rust	Run unit/integration tests	2026-07-06T01:24:49.2839458Z ^[[1m^[[92m  Downloaded^[[0m num-conv v0.2.2
Rust	Run unit/integration tests	2026-07-06T01:24:49.2844507Z ^[[1m^[[92m  Downloaded^[[0m futures-util v0.3.31
Rust	Run unit/integration tests	2026-07-06T01:24:49.2912763Z ^[[1m^[[92m  Downloaded^[[0m futures-task v0.3.31
Rust	Run unit/integration tests	2026-07-06T01:24:49.2919036Z ^[[1m^[[92m  Downloaded^[[0m bytes v1.11.1
Rust	Run unit/integration tests	2026-07-06T01:24:49.2943458Z ^[[1m^[[92m  Downloaded^[[0m serde_path_to_error v0.1.20
Rust	Run unit/integration tests	2026-07-06T01:24:49.2952704Z ^[[1m^[[92m  Downloaded^[[0m scopeguard v1.2.0
Rust	Run unit/integration tests	2026-07-06T01:24:49.2959396Z ^[[1m^[[92m  Downloaded^[[0m rustversion v1.0.22
Rust	Run unit/integration tests	2026-07-06T01:24:49.2974531Z ^[[1m^[[92m  Downloaded^[[0m rustls-pki-types v1.14.0
Rust	Run unit/integration tests	2026-07-06T01:24:49.2989029Z ^[[1m^[[92m  Downloaded^[[0m rustc-hash v2.1.1
Rust	Run unit/integration tests	2026-07-06T01:24:49.2996381Z ^[[1m^[[92m  Downloaded^[[0m phf_shared v0.11.3
Rust	Run unit/integration tests	2026-07-06T01:24:49.3002344Z ^[[1m^[[92m  Downloaded^[[0m mime v0.3.17
Rust	Run unit/integration tests	2026-07-06T01:24:49.3009876Z ^[[1m^[[92m  Downloaded^[[0m itoa v1.0.17
Rust	Run unit/integration tests	2026-07-06T01:24:49.3018071Z ^[[1m^[[92m  Downloaded^[[0m either v1.15.0
Rust	Run unit/integration tests	2026-07-06T01:24:49.3026726Z ^[[1m^[[92m  Downloaded^[[0m deranged v0.5.8
Rust	Run unit/integration tests	2026-07-06T01:24:49.3035700Z ^[[1m^[[92m  Downloaded^[[0m compact_str v0.9.0
Rust	Run unit/integration tests	2026-07-06T01:24:49.3055582Z ^[[1m^[[92m  Downloaded^[[0m brotli-decompressor v5.0.0
Rust	Run unit/integration tests	2026-07-06T01:24:49.3092367Z ^[[1m^[[92m  Downloaded^[[0m mime_guess v2.0.5
Rust	Run unit/integration tests	2026-07-06T01:24:49.3102018Z ^[[1m^[[92m  Downloaded^[[0m matchers v0.2.0
Rust	Run unit/integration tests	2026-07-06T01:24:49.3108229Z ^[[1m^[[92m  Downloaded^[[0m hashbrown v0.14.5
Rust	Run unit/integration tests	2026-07-06T01:24:49.3139121Z ^[[1m^[[92m  Downloaded^[[0m fancy-regex v0.11.0
Rust	Run unit/integration tests	2026-07-06T01:24:49.3162087Z ^[[1m^[[92m  Downloaded^[[0m cc v1.2.55
Rust	Run unit/integration tests	2026-07-06T01:24:49.3185984Z ^[[1m^[[92m  Downloaded^[[0m ratatui-termwiz v0.1.0
Rust	Run unit/integration tests	2026-07-06T01:24:49.3192809Z ^[[1m^[[92m  Downloaded^[[0m rand_core v0.9.5
Rust	Run unit/integration tests	2026-07-06T01:24:49.3201955Z ^[[1m^[[92m  Downloaded^[[0m phf_codegen v0.11.3
Rust	Run unit/integration tests	2026-07-06T01:24:49.3207230Z ^[[1m^[[92m  Downloaded^[[0m memoffset v0.9.1
Rust	Run unit/integration tests	2026-07-06T01:24:49.3214209Z ^[[1m^[[92m  Downloaded^[[0m lru v0.16.4
Rust	Run unit/integration tests	2026-07-06T01:24:49.3221516Z ^[[1m^[[92m  Downloaded^[[0m lab v0.11.0
Rust	Run unit/integration tests	2026-07-06T01:24:49.3229385Z ^[[1m^[[92m  Downloaded^[[0m is_terminal_polyfill v1.70.2
Rust	Run unit/integration tests	2026-07-06T01:24:49.3235422Z ^[[1m^[[92m  Downloaded^[[0m integer-encoding v3.0.4
Rust	Run unit/integration tests	2026-07-06T01:24:49.3246001Z ^[[1m^[[92m  Downloaded^[[0m if-addrs v0.10.2
Rust	Run unit/integration tests	2026-07-06T01:24:49.3255072Z ^[[1m^[[92m  Downloaded^[[0m flatbuffers v25.12.19
Rust	Run unit/integration tests	2026-07-06T01:24:49.3266992Z ^[[1m^[[92m  Downloaded^[[0m document-features v0.2.12
Rust	Run unit/integration tests	2026-07-06T01:24:49.3274417Z ^[[1m^[[92m  Downloaded^[[0m derive_more v2.1.1
Rust	Run unit/integration tests	2026-07-06T01:24:49.3342203Z ^[[1m^[[92m  Downloaded^[[0m csscolorparser v0.6.2
Rust	Run unit/integration tests	2026-07-06T01:24:49.3350258Z ^[[1m^[[92m  Downloaded^[[0m autocfg v1.5.0
Rust	Run unit/integration tests	2026-07-06T01:24:49.3362279Z ^[[1m^[[92m  Downloaded^[[0m arrow-schema v58.3.0
Rust	Run unit/integration tests	2026-07-06T01:24:49.3381023Z ^[[1m^[[92m  Downloaded^[[0m hyper-util v0.1.20
Rust	Run unit/integration tests	2026-07-06T01:24:49.3422710Z ^[[1m^[[92m  Downloaded^[[0m hashbrown v0.17.1
Rust	Run unit/integration tests	2026-07-06T01:24:49.3457720Z ^[[1m^[[92m  Downloaded^[[0m futures-channel v0.3.31
Rust	Run unit/integration tests	2026-07-06T01:24:49.3470017Z ^[[1m^[[92m  Downloaded^[[0m foldhash v0.2.0
Rust	Run unit/integration tests	2026-07-06T01:24:49.3477679Z ^[[1m^[[92m  Downloaded^[[0m flume v0.11.1
Rust	Run unit/integration tests	2026-07-06T01:24:49.3504020Z ^[[1m^[[92m  Downloaded^[[0m darling v0.23.0
Rust	Run unit/integration tests	2026-07-06T01:24:49.3534287Z ^[[1m^[[92m  Downloaded^[[0m axum-core v0.5.6
Rust	Run unit/integration tests	2026-07-06T01:24:49.3548267Z ^[[1m^[[92m  Downloaded^[[0m axum v0.8.8
Rust	Run unit/integration tests	2026-07-06T01:24:49.3602152Z ^[[1m^[[92m  Downloaded^[[0m anyhow v1.0.100
Rust	Run unit/integration tests	2026-07-06T01:24:49.3626570Z ^[[1m^[[92m  Downloaded^[[0m fnv v1.0.7
Rust	Run unit/integration tests	2026-07-06T01:24:49.3632023Z ^[[1m^[[92m  Downloaded^[[0m fixedbitset v0.4.2
Rust	Run unit/integration tests	2026-07-06T01:24:49.3639295Z ^[[1m^[[92m  Downloaded^[[0m crunchy v0.2.4
Rust	Run unit/integration tests	2026-07-06T01:24:49.3644278Z ^[[1m^[[92m  Downloaded^[[0m bitflags v1.3.2
Rust	Run unit/integration tests	2026-07-06T01:24:49.3662080Z ^[[1m^[[92m  Downloaded^[[0m rand_core v0.6.4
Rust	Run unit/integration tests	2026-07-06T01:24:49.3672759Z ^[[1m^[[92m  Downloaded^[[0m lazy_static v1.5.0
Rust	Run unit/integration tests	2026-07-06T01:24:49.3683080Z ^[[1m^[[92m  Downloaded^[[0m hyper-rustls v0.27.7
Rust	Run unit/integration tests	2026-07-06T01:24:49.3697287Z ^[[1m^[[92m  Downloaded^[[0m http-range-header v0.4.2
Rust	Run unit/integration tests	2026-07-06T01:24:49.3702873Z ^[[1m^[[92m  Downloaded^[[0m getrandom v0.2.17
Rust	Run unit/integration tests	2026-07-06T01:24:49.3719864Z ^[[1m^[[92m  Downloaded^[[0m const-random-macro v0.1.16
Rust	Run unit/integration tests	2026-07-06T01:24:49.3724846Z ^[[1m^[[92m  Downloaded^[[0m find-msvc-tools v0.1.9
Rust	Run unit/integration tests	2026-07-06T01:24:49.3734558Z ^[[1m^[[92m  Downloaded^[[0m errno v0.3.14
Rust	Run unit/integration tests	2026-07-06T01:24:49.3742984Z ^[[1m^[[92m  Downloaded^[[0m env_home v0.1.0
Rust	Run unit/integration tests	2026-07-06T01:24:49.3748767Z ^[[1m^[[92m  Downloaded^[[0m convert_case v0.10.0
Rust	Run unit/integration tests	2026-07-06T01:24:49.3758516Z ^[[1m^[[92m  Downloaded^[[0m block-buffer v0.10.4
Rust	Run unit/integration tests	2026-07-06T01:24:49.3764556Z ^[[1m^[[92m  Downloaded^[[0m http v1.4.0
Rust	Run unit/integration tests	2026-07-06T01:24:49.3787127Z ^[[1m^[[92m  Downloaded^[[0m async-stream-impl v0.3.6
Rust	Run unit/integration tests	2026-07-06T01:24:49.3791317Z ^[[1m^[[92m  Downloaded^[[0m crossterm v0.29.0
Rust	Run unit/integration tests	2026-07-06T01:24:49.3830997Z ^[[1m^[[92m  Downloaded^[[0m clap v4.5.57
Rust	Run unit/integration tests	2026-07-06T01:24:49.3883338Z ^[[1m^[[92m  Downloaded^[[0m bitflags v2.10.0
Rust	Run unit/integration tests	2026-07-06T01:24:49.3909225Z ^[[1m^[[92m  Downloaded^[[0m httparse v1.10.1
Rust	Run unit/integration tests	2026-07-06T01:24:49.3924966Z ^[[1m^[[92m  Downloaded^[[0m fallible-iterator v0.3.0
Rust	Run unit/integration tests	2026-07-06T01:24:49.3932361Z ^[[1m^[[92m  Downloaded^[[0m colorchoice v1.0.4
Rust	Run unit/integration tests	2026-07-06T01:24:49.3939436Z ^[[1m^[[92m  Downloaded^[[0m async-stream v0.3.6
Rust	Run unit/integration tests	2026-07-06T01:24:49.3952562Z ^[[1m^[[92m  Downloaded^[[0m arrow-ipc v58.3.0
Rust	Run unit/integration tests	2026-07-06T01:24:49.3976983Z ^[[1m^[[92m  Downloaded^[[0m const-random v0.1.18
Rust	Run unit/integration tests	2026-07-06T01:24:49.3983013Z ^[[1m^[[92m  Downloaded^[[0m cfg-if v1.0.4
Rust	Run unit/integration tests	2026-07-06T01:24:49.3990112Z ^[[1m^[[92m  Downloaded^[[0m base64 v0.22.1
Rust	Run unit/integration tests	2026-07-06T01:24:49.4016073Z ^[[1m^[[92m  Downloaded^[[0m icu_provider v2.1.1
Rust	Run unit/integration tests	2026-07-06T01:24:49.4035080Z ^[[1m^[[92m  Downloaded^[[0m futures-core v0.3.31
Rust	Run unit/integration tests	2026-07-06T01:24:49.4044065Z ^[[1m^[[92m  Downloaded^[[0m arrow-data v58.3.0
Rust	Run unit/integration tests	2026-07-06T01:24:49.4063326Z ^[[1m^[[92m  Downloaded^[[0m euclid v0.22.14
Rust	Run unit/integration tests	2026-07-06T01:24:49.4083752Z ^[[1m^[[92m  Downloaded^[[0m bytemuck v1.25.0
Rust	Run unit/integration tests	2026-07-06T01:24:49.4102441Z ^[[1m^[[92m  Downloaded^[[0m iana-time-zone v0.1.65
Rust	Run unit/integration tests	2026-07-06T01:24:49.4120568Z ^[[1m^[[92m  Downloaded^[[0m byteorder-lite v0.1.0
Rust	Run unit/integration tests	2026-07-06T01:24:49.4128462Z ^[[1m^[[92m  Downloaded^[[0m bit-set v0.5.3
Rust	Run unit/integration tests	2026-07-06T01:24:49.4135912Z ^[[1m^[[92m  Downloaded^[[0m atomic v0.6.1
Rust	Run unit/integration tests	2026-07-06T01:24:49.4143756Z ^[[1m^[[92m  Downloaded^[[0m hashlink v0.9.1
Rust	Run unit/integration tests	2026-07-06T01:24:49.4154341Z ^[[1m^[[92m  Downloaded^[[0m byteorder v1.5.0
Rust	Run unit/integration tests	2026-07-06T01:24:49.4163917Z ^[[1m^[[92m  Downloaded^[[0m httpdate v1.0.3
Rust	Run unit/integration tests	2026-07-06T01:24:49.4170666Z ^[[1m^[[92m  Downloaded^[[0m fallible-streaming-iterator v0.1.9
Rust	Run unit/integration tests	2026-07-06T01:24:49.4175689Z ^[[1m^[[92m  Downloaded^[[0m darling_macro v0.23.0
Rust	Run unit/integration tests	2026-07-06T01:24:49.4179439Z ^[[1m^[[92m  Downloaded^[[0m atomic-waker v1.1.2
Rust	Run unit/integration tests	2026-07-06T01:24:49.4186496Z ^[[1m^[[92m  Downloaded^[[0m clap_lex v0.7.7
Rust	Run unit/integration tests	2026-07-06T01:24:49.4194891Z ^[[1m^[[92m  Downloaded^[[0m clap_builder v4.5.57
Rust	Run unit/integration tests	2026-07-06T01:24:49.4854325Z ^[[1m^[[92m   Compiling^[[0m proc-macro2 v1.0.106
Rust	Run unit/integration tests	2026-07-06T01:24:49.4855156Z ^[[1m^[[92m   Compiling^[[0m unicode-ident v1.0.22
Rust	Run unit/integration tests	2026-07-06T01:24:49.4855654Z ^[[1m^[[92m   Compiling^[[0m quote v1.0.44
Rust	Run unit/integration tests	2026-07-06T01:24:49.4856306Z ^[[1m^[[92m   Compiling^[[0m libc v0.2.180
Rust	Run unit/integration tests	2026-07-06T01:24:49.5470881Z ^[[1m^[[92m   Compiling^[[0m cfg-if v1.0.4
Rust	Run unit/integration tests	2026-07-06T01:24:49.5753578Z ^[[1m^[[92m   Compiling^[[0m log v0.4.29
Rust	Run unit/integration tests	2026-07-06T01:24:49.7002325Z ^[[1m^[[92m   Compiling^[[0m autocfg v1.5.0
Rust	Run unit/integration tests	2026-07-06T01:24:49.7051558Z ^[[1m^[[92m   Compiling^[[0m once_cell v1.21.3
Rust	Run unit/integration tests	2026-07-06T01:24:49.8450928Z ^[[1m^[[92m   Compiling^[[0m shlex v1.3.0
Rust	Run unit/integration tests	2026-07-06T01:24:49.9871302Z ^[[1m^[[92m   Compiling^[[0m bytes v1.11.1
Rust	Run unit/integration tests	2026-07-06T01:24:50.0140833Z ^[[1m^[[92m   Compiling^[[0m find-msvc-tools v0.1.9
Rust	Run unit/integration tests	2026-07-06T01:24:50.2701005Z ^[[1m^[[92m   Compiling^[[0m itoa v1.0.17
Rust	Run unit/integration tests	2026-07-06T01:24:50.3805472Z ^[[1m^[[92m   Compiling^[[0m syn v2.0.114
Rust	Run unit/integration tests	2026-07-06T01:24:50.3921213Z ^[[1m^[[92m   Compiling^[[0m libm v0.2.16
Rust	Run unit/integration tests	2026-07-06T01:24:50.5211392Z ^[[1m^[[92m   Compiling^[[0m jobserver v0.1.34
Rust	Run unit/integration tests	2026-07-06T01:24:50.5650790Z ^[[1m^[[92m   Compiling^[[0m errno v0.3.14
Rust	Run unit/integration tests	2026-07-06T01:24:50.6038217Z ^[[1m^[[92m   Compiling^[[0m num-traits v0.2.19
Rust	Run unit/integration tests	2026-07-06T01:24:50.6371484Z ^[[1m^[[92m   Compiling^[[0m signal-hook-registry v1.4.8
Rust	Run unit/integration tests	2026-07-06T01:24:50.7570903Z ^[[1m^[[92m   Compiling^[[0m cc v1.2.55
Rust	Run unit/integration tests	2026-07-06T01:24:50.8703444Z ^[[1m^[[92m   Compiling^[[0m futures-core v0.3.31
Rust	Run unit/integration tests	2026-07-06T01:24:50.9511297Z ^[[1m^[[92m   Compiling^[[0m pin-project-lite v0.2.16
Rust	Run unit/integration tests	2026-07-06T01:24:50.9901197Z ^[[1m^[[92m   Compiling^[[0m smallvec v1.15.1
Rust	Run unit/integration tests	2026-07-06T01:24:51.1430853Z ^[[1m^[[92m   Compiling^[[0m bitflags v2.10.0
Rust	Run unit/integration tests	2026-07-06T01:24:51.3051117Z ^[[1m^[[92m   Compiling^[[0m mio v1.1.1
Rust	Run unit/integration tests	2026-07-06T01:24:52.1018705Z ^[[1m^[[92m   Compiling^[[0m serde_core v1.0.228
Rust	Run unit/integration tests	2026-07-06T01:24:52.2517164Z ^[[1m^[[92m   Compiling^[[0m version_check v0.9.5
Rust	Run unit/integration tests	2026-07-06T01:24:52.2791259Z ^[[1m^[[92m   Compiling^[[0m zerocopy v0.8.39
Rust	Run unit/integration tests	2026-07-06T01:24:52.4761634Z ^[[1m^[[92m   Compiling^[[0m stable_deref_trait v1.2.1
Rust	Run unit/integration tests	2026-07-06T01:24:52.5151942Z ^[[1m^[[92m   Compiling^[[0m serde v1.0.228
Rust	Run unit/integration tests	2026-07-06T01:24:52.5290822Z ^[[1m^[[92m   Compiling^[[0m socket2 v0.6.2
Rust	Run unit/integration tests	2026-07-06T01:24:52.6834473Z ^[[1m^[[92m   Compiling^[[0m tracing-core v0.1.36
Rust	Run unit/integration tests	2026-07-06T01:24:53.0311199Z ^[[1m^[[92m   Compiling^[[0m pkg-config v0.3.32
Rust	Run unit/integration tests	2026-07-06T01:24:53.2630879Z ^[[1m^[[92m   Compiling^[[0m getrandom v0.3.4
Rust	Run unit/integration tests	2026-07-06T01:24:53.4401335Z ^[[1m^[[92m   Compiling^[[0m getrandom v0.2.17
Rust	Run unit/integration tests	2026-07-06T01:24:53.4510793Z ^[[1m^[[92m   Compiling^[[0m http v1.4.0
Rust	Run unit/integration tests	2026-07-06T01:24:53.5701262Z ^[[1m^[[92m   Compiling^[[0m ryu v1.0.22
Rust	Run unit/integration tests	2026-07-06T01:24:53.6921262Z ^[[1m^[[92m   Compiling^[[0m synstructure v0.13.2
Rust	Run unit/integration tests	2026-07-06T01:24:54.2010913Z ^[[1m^[[92m   Compiling^[[0m scopeguard v1.2.0
Rust	Run unit/integration tests	2026-07-06T01:24:54.2420801Z ^[[1m^[[92m   Compiling^[[0m lock_api v0.4.14
Rust	Run unit/integration tests	2026-07-06T01:24:54.4130844Z ^[[1m^[[92m   Compiling^[[0m http-body v1.0.1
Rust	Run unit/integration tests	2026-07-06T01:24:54.5179096Z ^[[1m^[[92m   Compiling^[[0m ahash v0.8.12
Rust	Run unit/integration tests	2026-07-06T01:24:54.5885194Z ^[[1m^[[92m   Compiling^[[0m ring v0.17.14
Rust	Run unit/integration tests	2026-07-06T01:24:54.6003162Z ^[[1m^[[92m   Compiling^[[0m litemap v0.8.1
Rust	Run unit/integration tests	2026-07-06T01:24:54.6060764Z ^[[1m^[[92m   Compiling^[[0m thiserror v2.0.18
Rust	Run unit/integration tests	2026-07-06T01:24:54.7290986Z ^[[1m^[[92m   Compiling^[[0m percent-encoding v2.3.2
Rust	Run unit/integration tests	2026-07-06T01:24:54.7880888Z ^[[1m^[[92m   Compiling^[[0m pin-utils v0.1.0
Rust	Run unit/integration tests	2026-07-06T01:24:54.8180765Z ^[[1m^[[92m   Compiling^[[0m writeable v0.6.2
Rust	Run unit/integration tests	2026-07-06T01:24:54.9121101Z ^[[1m^[[92m   Compiling^[[0m icu_normalizer_data v2.1.1
Rust	Run unit/integration tests	2026-07-06T01:24:54.9420257Z ^[[1m^[[92m   Compiling^[[0m icu_properties_data v2.1.2
Rust	Run unit/integration tests	2026-07-06T01:24:54.9849298Z ^[[1m^[[92m   Compiling^[[0m zeroize v1.8.2
Rust	Run unit/integration tests	2026-07-06T01:24:55.0174384Z ^[[1m^[[92m   Compiling^[[0m httparse v1.10.1
Rust	Run unit/integration tests	2026-07-06T01:24:55.0871243Z ^[[1m^[[92m   Compiling^[[0m tower-service v0.3.3
Rust	Run unit/integration tests	2026-07-06T01:24:55.1201187Z ^[[1m^[[92m   Compiling^[[0m futures-task v0.3.31
Rust	Run unit/integration tests	2026-07-06T01:24:55.2064994Z ^[[1m^[[92m   Compiling^[[0m futures-util v0.3.31
Rust	Run unit/integration tests	2026-07-06T01:24:55.2121039Z ^[[1m^[[92m   Compiling^[[0m zerofrom-derive v0.1.6
Rust	Run unit/integration tests	2026-07-06T01:24:55.2177766Z ^[[1m^[[92m   Compiling^[[0m zerocopy-derive v0.8.39
Rust	Run unit/integration tests	2026-07-06T01:24:56.1921071Z ^[[1m^[[92m   Compiling^[[0m zerofrom v0.1.6
Rust	Run unit/integration tests	2026-07-06T01:24:56.2561163Z ^[[1m^[[92m   Compiling^[[0m yoke-derive v0.8.1
Rust	Run unit/integration tests	2026-07-06T01:24:56.7672994Z ^[[1m^[[92m   Compiling^[[0m zerovec-derive v0.11.2
Rust	Run unit/integration tests	2026-07-06T01:24:56.9024932Z ^[[1m^[[92m   Compiling^[[0m yoke v0.8.1
Rust	Run unit/integration tests	2026-07-06T01:24:57.0151647Z ^[[1m^[[92m   Compiling^[[0m displaydoc v0.2.5
Rust	Run unit/integration tests	2026-07-06T01:24:57.4689299Z ^[[1m^[[92m   Compiling^[[0m serde_derive v1.0.228
Rust	Run unit/integration tests	2026-07-06T01:24:57.5920869Z ^[[1m^[[92m   Compiling^[[0m zerovec v0.11.5
Rust	Run unit/integration tests	2026-07-06T01:24:57.9041934Z ^[[1m^[[92m   Compiling^[[0m tokio-macros v2.6.0
Rust	Run unit/integration tests	2026-07-06T01:24:58.3011192Z ^[[1m^[[92m   Compiling^[[0m tokio v1.49.0
Rust	Run unit/integration tests	2026-07-06T01:24:59.6866764Z ^[[1m^[[92m   Compiling^[[0m tracing-attributes v0.1.31
Rust	Run unit/integration tests	2026-07-06T01:25:00.1592644Z ^[[1m^[[92m   Compiling^[[0m tinystr v0.8.2
Rust	Run unit/integration tests	2026-07-06T01:25:00.2523129Z ^[[1m^[[92m   Compiling^[[0m icu_locale_core v2.1.1
Rust	Run unit/integration tests	2026-07-06T01:25:00.4817186Z ^[[1m^[[92m   Compiling^[[0m tracing v0.1.44
Rust	Run unit/integration tests	2026-07-06T01:25:00.6751200Z ^[[1m^[[92m   Compiling^[[0m potential_utf v0.1.4
Rust	Run unit/integration tests	2026-07-06T01:25:00.7494328Z ^[[1m^[[92m   Compiling^[[0m zerotrie v0.2.3
Rust	Run unit/integration tests	2026-07-06T01:25:00.9209128Z ^[[1m^[[92m   Compiling^[[0m thiserror-impl v2.0.18
Rust	Run unit/integration tests	2026-07-06T01:25:01.0527555Z ^[[1m^[[92m   Compiling^[[0m icu_provider v2.1.1
Rust	Run unit/integration tests	2026-07-06T01:25:01.2764548Z ^[[1m^[[92m   Compiling^[[0m icu_collections v2.1.1
Rust	Run unit/integration tests	2026-07-06T01:25:01.7850334Z ^[[1m^[[92m   Compiling^[[0m rustls-pki-types v1.14.0
Rust	Run unit/integration tests	2026-07-06T01:25:01.8716675Z ^[[1m^[[92m   Compiling^[[0m typenum v1.19.0
Rust	Run unit/integration tests	2026-07-06T01:25:02.0451423Z ^[[1m^[[92m   Compiling^[[0m strsim v0.11.1
Rust	Run unit/integration tests	2026-07-06T01:25:02.1746574Z ^[[1m^[[92m   Compiling^[[0m try-lock v0.2.5
Rust	Run unit/integration tests	2026-07-06T01:25:02.2094395Z ^[[1m^[[92m   Compiling^[[0m httpdate v1.0.3
Rust	Run unit/integration tests	2026-07-06T01:25:02.3210958Z ^[[1m^[[92m   Compiling^[[0m zmij v1.0.19
Rust	Run unit/integration tests	2026-07-06T01:25:02.3475620Z ^[[1m^[[92m   Compiling^[[0m untrusted v0.9.0
Rust	Run unit/integration tests	2026-07-06T01:25:02.3895139Z ^[[1m^[[92m   Compiling^[[0m want v0.3.1
Rust	Run unit/integration tests	2026-07-06T01:25:02.5512835Z ^[[1m^[[92m   Compiling^[[0m generic-array v0.14.7
Rust	Run unit/integration tests	2026-07-06T01:25:02.6206370Z ^[[1m^[[92m   Compiling^[[0m sync_wrapper v1.0.2
Rust	Run unit/integration tests	2026-07-06T01:25:02.6677300Z ^[[1m^[[92m   Compiling^[[0m futures-channel v0.3.31
Rust	Run unit/integration tests	2026-07-06T01:25:02.6835173Z ^[[1m^[[92m   Compiling^[[0m tower-layer v0.3.3
Rust	Run unit/integration tests	2026-07-06T01:25:02.7757487Z ^[[1m^[[92m   Compiling^[[0m heck v0.5.0
Rust	Run unit/integration tests	2026-07-06T01:25:02.7904564Z ^[[1m^[[92m   Compiling^[[0m serde_json v1.0.149
Rust	Run unit/integration tests	2026-07-06T01:25:02.8483061Z ^[[1m^[[92m   Compiling^[[0m futures-sink v0.3.31
Rust	Run unit/integration tests	2026-07-06T01:25:02.8931043Z ^[[1m^[[92m   Compiling^[[0m rustls v0.23.36
Rust	Run unit/integration tests	2026-07-06T01:25:02.9037856Z ^[[1m^[[92m   Compiling^[[0m base64 v0.22.1
Rust	Run unit/integration tests	2026-07-06T01:25:02.9546848Z ^[[1m^[[92m   Compiling^[[0m atomic-waker v1.1.2
Rust	Run unit/integration tests	2026-07-06T01:25:03.0023179Z ^[[1m^[[92m   Compiling^[[0m mime v0.3.17
Rust	Run unit/integration tests	2026-07-06T01:25:03.1147270Z ^[[1m^[[92m   Compiling^[[0m unicase v2.9.0
Rust	Run unit/integration tests	2026-07-06T01:25:03.2014932Z ^[[1m^[[92m   Compiling^[[0m iana-time-zone v0.1.65
Rust	Run unit/integration tests	2026-07-06T01:25:03.2068269Z ^[[1m^[[92m   Compiling^[[0m mime_guess v2.0.5
Rust	Run unit/integration tests	2026-07-06T01:25:03.3776476Z ^[[1m^[[92m   Compiling^[[0m chrono v0.4.44
Rust	Run unit/integration tests	2026-07-06T01:25:03.3884457Z ^[[1m^[[92m   Compiling^[[0m hyper v1.8.1
Rust	Run unit/integration tests	2026-07-06T01:25:04.3091169Z ^[[1m^[[92m   Compiling^[[0m icu_properties v2.1.2
Rust	Run unit/integration tests	2026-07-06T01:25:04.6519119Z ^[[1m^[[92m   Compiling^[[0m icu_normalizer v2.1.1
Rust	Run unit/integration tests	2026-07-06T01:25:05.1873802Z ^[[1m^[[92m   Compiling^[[0m form_urlencoded v1.2.2
Rust	Run unit/integration tests	2026-07-06T01:25:05.2690733Z ^[[1m^[[92m   Compiling^[[0m http-body-util v0.1.3
Rust	Run unit/integration tests	2026-07-06T01:25:05.2884259Z ^[[1m^[[92m   Compiling^[[0m subtle v2.6.1
Rust	Run unit/integration tests	2026-07-06T01:25:05.3686558Z ^[[1m^[[92m   Compiling^[[0m either v1.15.0
Rust	Run unit/integration tests	2026-07-06T01:25:05.3811226Z ^[[1m^[[92m   Compiling^[[0m memchr v2.7.6
Rust	Run unit/integration tests	2026-07-06T01:25:05.4387006Z ^[[1m^[[92m   Compiling^[[0m ipnet v2.11.0
Rust	Run unit/integration tests	2026-07-06T01:25:06.0246126Z ^[[1m^[[92m   Compiling^[[0m hyper-util v0.1.20
Rust	Run unit/integration tests	2026-07-06T01:25:06.0810938Z ^[[1m^[[92m   Compiling^[[0m idna_adapter v1.2.1
Rust	Run unit/integration tests	2026-07-06T01:25:06.1481162Z ^[[1m^[[92m   Compiling^[[0m tower v0.5.3
Rust	Run unit/integration tests	2026-07-06T01:25:06.5870843Z ^[[1m^[[92m   Compiling^[[0m vcpkg v0.2.15
Rust	Run unit/integration tests	2026-07-06T01:25:07.1491016Z ^[[1m^[[92m   Compiling^[[0m rustls-webpki v0.103.13
Rust	Run unit/integration tests	2026-07-06T01:25:07.3231443Z ^[[1m^[[92m   Compiling^[[0m utf8_iter v1.0.4
Rust	Run unit/integration tests	2026-07-06T01:25:07.3970893Z ^[[1m^[[92m   Compiling^[[0m idna v1.1.0
Rust	Run unit/integration tests	2026-07-06T01:25:07.8220711Z ^[[1m^[[92m   Compiling^[[0m libsqlite3-sys v0.30.1
Rust	Run unit/integration tests	2026-07-06T01:25:08.2238989Z ^[[1m^[[92m   Compiling^[[0m serde_urlencoded v0.7.1
Rust	Run unit/integration tests	2026-07-06T01:25:08.2543666Z ^[[1m^[[92m   Compiling^[[0m tokio-util v0.7.18
Rust	Run unit/integration tests	2026-07-06T01:25:08.2938046Z ^[[1m^[[92m   Compiling^[[0m webpki-roots v1.0.6
Rust	Run unit/integration tests	2026-07-06T01:25:08.3622653Z ^[[1m^[[92m   Compiling^[[0m num-integer v0.1.46
Rust	Run unit/integration tests	2026-07-06T01:25:08.4071169Z ^[[1m^[[92m   Compiling^[[0m polling v2.8.0
Rust	Run unit/integration tests	2026-07-06T01:25:08.4870934Z ^[[1m^[[92m   Compiling^[[0m anyhow v1.0.100
Rust	Run unit/integration tests	2026-07-06T01:25:08.6380983Z ^[[1m^[[92m   Compiling^[[0m rustix v1.1.3
Rust	Run unit/integration tests	2026-07-06T01:25:08.6632157Z ^[[1m^[[92m   Compiling^[[0m unicode-segmentation v1.12.0
Rust	Run unit/integration tests	2026-07-06T01:25:08.6891219Z ^[[1m^[[92m   Compiling^[[0m iri-string v0.7.10
Rust	Run unit/integration tests	2026-07-06T01:25:08.8270776Z ^[[1m^[[92m   Compiling^[[0m http-range-header v0.4.2
Rust	Run unit/integration tests	2026-07-06T01:25:09.0550920Z ^[[1m^[[92m   Compiling^[[0m num-bigint v0.4.6
Rust	Run unit/integration tests	2026-07-06T01:25:10.4761683Z ^[[1m^[[92m   Compiling^[[0m tower-http v0.6.8
Rust	Run unit/integration tests	2026-07-06T01:25:10.5210661Z ^[[1m^[[92m   Compiling^[[0m url v2.5.8
Rust	Run unit/integration tests	2026-07-06T01:25:11.3541390Z ^[[1m^[[92m   Compiling^[[0m tokio-rustls v0.26.4
Rust	Run unit/integration tests	2026-07-06T01:25:11.5381228Z ^[[1m^[[92m   Compiling^[[0m hyper-rustls v0.27.7
Rust	Run unit/integration tests	2026-07-06T01:25:11.7490802Z ^[[1m^[[92m   Compiling^[[0m block-buffer v0.10.4
Rust	Run unit/integration tests	2026-07-06T01:25:11.8321323Z ^[[1m^[[92m   Compiling^[[0m crypto-common v0.1.7
Rust	Run unit/integration tests	2026-07-06T01:25:11.8926489Z ^[[1m^[[92m   Compiling^[[0m hashbrown v0.14.5
Rust	Run unit/integration tests	2026-07-06T01:25:11.9811158Z ^[[1m^[[92m   Compiling^[[0m half v2.7.1
Rust	Run unit/integration tests	2026-07-06T01:25:12.2900859Z ^[[1m^[[92m   Compiling^[[0m spin v0.9.8
Rust	Run unit/integration tests	2026-07-06T01:25:12.4151460Z ^[[1m^[[92m   Compiling^[[0m zstd-sys v2.0.13+zstd.1.5.6
Rust	Run unit/integration tests	2026-07-06T01:25:12.4272862Z ^[[1m^[[92m   Compiling^[[0m semver v1.0.28
Rust	Run unit/integration tests	2026-07-06T01:25:12.6291367Z ^[[1m^[[92m   Compiling^[[0m linux-raw-sys v0.11.0
Rust	Run unit/integration tests	2026-07-06T01:25:12.6513350Z ^[[1m^[[92m   Compiling^[[0m rustversion v1.0.22
Rust	Run unit/integration tests	2026-07-06T01:25:14.2070691Z ^[[1m^[[92m   Compiling^[[0m rustc_version v0.4.1
Rust	Run unit/integration tests	2026-07-06T01:25:14.4151270Z ^[[1m^[[92m   Compiling^[[0m flume v0.11.1
Rust	Run unit/integration tests	2026-07-06T01:25:14.5904853Z ^[[1m^[[92m   Compiling^[[0m hashlink v0.9.1
Rust	Run unit/integration tests	2026-07-06T01:25:14.7704322Z ^[[1m^[[92m   Compiling^[[0m arrow-buffer v58.3.0
Rust	Run unit/integration tests	2026-07-06T01:25:14.8930845Z ^[[1m^[[92m   Compiling^[[0m digest v0.10.7
Rust	Run unit/integration tests	2026-07-06T01:25:15.0202870Z ^[[1m^[[92m   Compiling^[[0m reqwest v0.12.28
Rust	Run unit/integration tests	2026-07-06T01:25:16.9060866Z ^[[1m^[[92m   Compiling^[[0m if-addrs v0.13.4
Rust	Run unit/integration tests	2026-07-06T01:25:17.1906373Z ^[[1m^[[92m   Compiling^[[0m socket2 v0.5.10
Rust	Run unit/integration tests	2026-07-06T01:25:17.6331046Z ^[[1m^[[92m   Compiling^[[0m allocator-api2 v0.2.21
Rust	Run unit/integration tests	2026-07-06T01:25:17.8774387Z ^[[1m^[[92m   Compiling^[[0m fallible-streaming-iterator v0.1.9
Rust	Run unit/integration tests	2026-07-06T01:25:17.9494835Z ^[[1m^[[92m   Compiling^[[0m arrow-schema v58.3.0
Rust	Run unit/integration tests	2026-07-06T01:25:18.2040594Z ^[[1m^[[92m   Compiling^[[0m foldhash v0.2.0
Rust	Run unit/integration tests	2026-07-06T01:25:18.3070823Z ^[[1m^[[92m   Compiling^[[0m equivalent v1.0.2
Rust	Run unit/integration tests	2026-07-06T01:25:18.3380760Z ^[[1m^[[92m   Compiling^[[0m fallible-iterator v0.3.0
Rust	Run unit/integration tests	2026-07-06T01:25:18.6341070Z ^[[1m^[[92m   Compiling^[[0m ident_case v1.0.1
Rust	Run unit/integration tests	2026-07-06T01:25:18.6871063Z ^[[1m^[[92m   Compiling^[[0m cpufeatures v0.2.17
Rust	Run unit/integration tests	2026-07-06T01:25:18.7191096Z ^[[1m^[[92m   Compiling^[[0m sha2 v0.10.9
Rust	Run unit/integration tests	2026-07-06T01:25:19.0010883Z ^[[1m^[[92m   Compiling^[[0m darling_core v0.23.0
Rust	Run unit/integration tests	2026-07-06T01:25:19.0941040Z ^[[1m^[[92m   Compiling^[[0m rusqlite v0.32.1
Rust	Run unit/integration tests	2026-07-06T01:25:19.2741673Z ^[[1m^[[92m   Compiling^[[0m arrow-data v58.3.0
Rust	Run unit/integration tests	2026-07-06T01:25:20.3420875Z ^[[1m^[[92m   Compiling^[[0m hashbrown v0.16.1
Rust	Run unit/integration tests	2026-07-06T01:25:20.8031287Z ^[[1m^[[92m   Compiling^[[0m mdns-sd v0.11.5
Rust	Run unit/integration tests	2026-07-06T01:25:21.0810883Z ^[[1m^[[92m   Compiling^[[0m flatbuffers v25.12.19
Rust	Run unit/integration tests	2026-07-06T01:25:21.4191177Z ^[[1m^[[92m   Compiling^[[0m uuid v1.20.0
Rust	Run unit/integration tests	2026-07-06T01:25:21.5633707Z ^[[1m^[[92m   Compiling^[[0m num-complex v0.4.6
Rust	Run unit/integration tests	2026-07-06T01:25:21.7821268Z ^[[1m^[[92m   Compiling^[[0m if-addrs v0.10.2
Rust	Run unit/integration tests	2026-07-06T01:25:21.8827128Z ^[[1m^[[92m   Compiling^[[0m signal-hook v0.3.18
Rust	Run unit/integration tests	2026-07-06T01:25:21.9409861Z ^[[1m^[[92m   Compiling^[[0m zstd-safe v7.2.1
Rust	Run unit/integration tests	2026-07-06T01:25:21.9436660Z ^[[1m^[[92m   Compiling^[[0m hex v0.4.3
Rust	Run unit/integration tests	2026-07-06T01:25:22.0351041Z ^[[1m^[[92m   Compiling^[[0m regex-syntax v0.8.9
Rust	Run unit/integration tests	2026-07-06T01:25:22.1471266Z ^[[1m^[[92m   Compiling^[[0m utf8parse v0.2.2
Rust	Run unit/integration tests	2026-07-06T01:25:22.2010879Z ^[[1m^[[92m   Compiling^[[0m parking_lot_core v0.9.12
Rust	Run unit/integration tests	2026-07-06T01:25:22.3111086Z ^[[1m^[[92m   Compiling^[[0m alloc-no-stdlib v2.0.4
Rust	Run unit/integration tests	2026-07-06T01:25:22.3730865Z ^[[1m^[[92m   Compiling^[[0m hashbrown v0.17.1
Rust	Run unit/integration tests	2026-07-06T01:25:22.9050921Z ^[[1m^[[92m   Compiling^[[0m arrow-array v58.3.0
Rust	Run unit/integration tests	2026-07-06T01:25:23.5090883Z ^[[1m^[[92m   Compiling^[[0m regex-automata v0.4.14
Rust	Run unit/integration tests	2026-07-06T01:25:23.9047567Z ^[[1m^[[92m   Compiling^[[0m alloc-stdlib v0.2.2
Rust	Run unit/integration tests	2026-07-06T01:25:23.9720737Z ^[[1m^[[92m   Compiling^[[0m anstyle-parse v0.2.7
Rust	Run unit/integration tests	2026-07-06T01:25:24.0919800Z ^[[1m^[[92m   Compiling^[[0m castaway v0.2.4
Rust	Run unit/integration tests	2026-07-06T01:25:24.1461335Z ^[[1m^[[92m   Compiling^[[0m darling_macro v0.23.0
Rust	Run unit/integration tests	2026-07-06T01:25:24.2527881Z ^[[1m^[[92m   Compiling^[[0m itertools v0.14.0
Rust	Run unit/integration tests	2026-07-06T01:25:24.3570986Z ^[[1m^[[92m   Compiling^[[0m strum_macros v0.27.2
Rust	Run unit/integration tests	2026-07-06T01:25:25.6380886Z ^[[1m^[[92m   Compiling^[[0m ppv-lite86 v0.2.21
Rust	Run unit/integration tests	2026-07-06T01:25:25.9291179Z ^[[1m^[[92m   Compiling^[[0m rand_core v0.6.4
Rust	Run unit/integration tests	2026-07-06T01:25:26.0780860Z ^[[1m^[[92m   Compiling^[[0m snap v1.1.1
Rust	Run unit/integration tests	2026-07-06T01:25:26.1571090Z ^[[1m^[[92m   Compiling^[[0m is_terminal_polyfill v1.70.2
Rust	Run unit/integration tests	2026-07-06T01:25:26.1940969Z ^[[1m^[[92m   Compiling^[[0m instability v0.3.11
Rust	Run unit/integration tests	2026-07-06T01:25:26.2300162Z ^[[1m^[[92m   Compiling^[[0m paste v1.0.15
Rust	Run unit/integration tests	2026-07-06T01:25:26.2791243Z ^[[1m^[[92m   Compiling^[[0m unicode-width v0.2.0
Rust	Run unit/integration tests	2026-07-06T01:25:26.3621224Z ^[[1m^[[92m   Compiling^[[0m pxfm v0.1.29
Rust	Run unit/integration tests	2026-07-06T01:25:26.4511064Z ^[[1m^[[92m   Compiling^[[0m indoc v2.0.7
Rust	Run unit/integration tests	2026-07-06T01:25:26.7101005Z ^[[1m^[[92m   Compiling^[[0m lazy_static v1.5.0
Rust	Run unit/integration tests	2026-07-06T01:25:26.7466869Z ^[[1m^[[92m   Compiling^[[0m anstyle-query v1.1.5
Rust	Run unit/integration tests	2026-07-06T01:25:26.7941006Z ^[[1m^[[92m   Compiling^[[0m static_assertions v1.1.0
Rust	Run unit/integration tests	2026-07-06T01:25:26.8296924Z ^[[1m^[[92m   Compiling^[[0m anstyle v1.0.13
Rust	Run unit/integration tests	2026-07-06T01:25:26.9895212Z ^[[1m^[[92m   Compiling^[[0m colorchoice v1.0.4
Rust	Run unit/integration tests	2026-07-06T01:25:27.0411075Z ^[[1m^[[92m   Compiling^[[0m anstream v0.6.21
Rust	Run unit/integration tests	2026-07-06T01:25:27.1424811Z ^[[1m^[[92m   Compiling^[[0m compact_str v0.9.0
Rust	Run unit/integration tests	2026-07-06T01:25:27.3067106Z ^[[1m^[[92m   Compiling^[[0m sharded-slab v0.1.7
Rust	Run unit/integration tests	2026-07-06T01:25:27.7350781Z ^[[1m^[[92m   Compiling^[[0m unicode-truncate v2.0.1
Rust	Run unit/integration tests	2026-07-06T01:25:27.7983939Z ^[[1m^[[92m   Compiling^[[0m strum v0.27.2
Rust	Run unit/integration tests	2026-07-06T01:25:27.8231218Z ^[[1m^[[92m   Compiling^[[0m rand_chacha v0.3.1
Rust	Run unit/integration tests	2026-07-06T01:25:27.8581076Z ^[[1m^[[92m   Compiling^[[0m matchers v0.2.0
Rust	Run unit/integration tests	2026-07-06T01:25:27.9221256Z ^[[1m^[[92m   Compiling^[[0m arrow-select v58.3.0
Rust	Run unit/integration tests	2026-07-06T01:25:28.2691081Z ^[[1m^[[92m   Compiling^[[0m darling v0.23.0
Rust	Run unit/integration tests	2026-07-06T01:25:28.6390758Z ^[[1m^[[92m   Compiling^[[0m moxcms v0.8.1
Rust	Run unit/integration tests	2026-07-06T01:25:29.1430991Z ^[[1m^[[92m   Compiling^[[0m brotli-decompressor v5.0.0
Rust	Run unit/integration tests	2026-07-06T01:25:30.1651181Z ^[[1m^[[92m   Compiling^[[0m focusa-core v0.9.64-dev (/home/runner/work/focusa/focusa/crates/focusa-core)
Rust	Run unit/integration tests	2026-07-06T01:25:30.2701232Z ^[[1m^[[92m   Compiling^[[0m kasuari v0.4.12
Rust	Run unit/integration tests	2026-07-06T01:25:30.8470697Z ^[[1m^[[92m   Compiling^[[0m lru v0.16.4
Rust	Run unit/integration tests	2026-07-06T01:25:30.9600962Z ^[[1m^[[92m   Compiling^[[0m convert_case v0.10.0
Rust	Run unit/integration tests	2026-07-06T01:25:31.1751226Z ^[[1m^[[92m   Compiling^[[0m tracing-serde v0.2.0
Rust	Run unit/integration tests	2026-07-06T01:25:31.2605806Z ^[[1m^[[92m   Compiling^[[0m tracing-log v0.2.0
Rust	Run unit/integration tests	2026-07-06T01:25:31.4300999Z ^[[1m^[[92m   Compiling^[[0m ordered-float v2.10.1
Rust	Run unit/integration tests	2026-07-06T01:25:31.6320936Z ^[[1m^[[92m   Compiling^[[0m thread_local v1.1.9
Rust	Run unit/integration tests	2026-07-06T01:25:31.7960886Z ^[[1m^[[92m   Compiling^[[0m clap_lex v0.7.7
Rust	Run unit/integration tests	2026-07-06T01:25:31.9521510Z ^[[1m^[[92m   Compiling^[[0m twox-hash v2.1.2
Rust	Run unit/integration tests	2026-07-06T01:25:32.0434297Z ^[[1m^[[92m   Compiling^[[0m powerfmt v0.2.0
Rust	Run unit/integration tests	2026-07-06T01:25:32.1909795Z ^[[1m^[[92m   Compiling^[[0m zlib-rs v0.6.3
Rust	Run unit/integration tests	2026-07-06T01:25:36.1440745Z ^[[1m^[[92m   Compiling^[[0m byteorder-lite v0.1.0
Rust	Run unit/integration tests	2026-07-06T01:25:36.2110893Z ^[[1m^[[92m   Compiling^[[0m integer-encoding v3.0.4
Rust	Run unit/integration tests	2026-07-06T01:25:36.3394819Z ^[[1m^[[92m   Compiling^[[0m byteorder v1.5.0
Rust	Run unit/integration tests	2026-07-06T01:25:36.3460790Z ^[[1m^[[92m   Compiling^[[0m nu-ansi-term v0.50.3
Rust	Run unit/integration tests	2026-07-06T01:25:36.5100901Z ^[[1m^[[92m   Compiling^[[0m bytemuck v1.25.0
Rust	Run unit/integration tests	2026-07-06T01:25:36.6201133Z ^[[1m^[[92m   Compiling^[[0m tracing-subscriber v0.3.22
Rust	Run unit/integration tests	2026-07-06T01:25:36.7009684Z ^[[1m^[[92m   Compiling^[[0m image v0.25.10
Rust	Run unit/integration tests	2026-07-06T01:25:37.6120835Z ^[[1m^[[92m   Compiling^[[0m thrift v0.17.0
Rust	Run unit/integration tests	2026-07-06T01:25:38.2691060Z ^[[1m^[[92m   Compiling^[[0m flate2 v1.1.9
Rust	Run unit/integration tests	2026-07-06T01:25:38.6410895Z ^[[1m^[[92m   Compiling^[[0m deranged v0.5.8
Rust	Run unit/integration tests	2026-07-06T01:25:39.2751213Z ^[[1m^[[92m   Compiling^[[0m lz4_flex v0.13.1
Rust	Run unit/integration tests	2026-07-06T01:25:39.6270934Z ^[[1m^[[92m   Compiling^[[0m clap_builder v4.5.57
Rust	Run unit/integration tests	2026-07-06T01:25:39.6541235Z ^[[1m^[[92m   Compiling^[[0m derive_more-impl v2.1.1
Rust	Run unit/integration tests	2026-07-06T01:25:40.2221460Z ^[[1m^[[92m   Compiling^[[0m ratatui-core v0.1.0
Rust	Run unit/integration tests	2026-07-06T01:25:41.6711536Z ^[[1m^[[92m   Compiling^[[0m zstd v0.13.3
Rust	Run unit/integration tests	2026-07-06T01:25:41.8813784Z ^[[1m^[[92m   Compiling^[[0m brotli v8.0.2
Rust	Run unit/integration tests	2026-07-06T01:25:42.0731169Z ^[[1m^[[92m   Compiling^[[0m arrow-ipc v58.3.0
Rust	Run unit/integration tests	2026-07-06T01:25:43.8042649Z ^[[1m^[[92m   Compiling^[[0m parking_lot v0.12.5
Rust	Run unit/integration tests	2026-07-06T01:25:44.1891321Z ^[[1m^[[92m   Compiling^[[0m signal-hook-mio v0.2.5
Rust	Run unit/integration tests	2026-07-06T01:25:44.4122456Z ^[[1m^[[92m   Compiling^[[0m rand v0.8.6
Rust	Run unit/integration tests	2026-07-06T01:25:44.9761395Z ^[[1m^[[92m   Compiling^[[0m clap_derive v4.5.55
Rust	Run unit/integration tests	2026-07-06T01:25:45.0441097Z ^[[1m^[[92m   Compiling^[[0m num-conv v0.2.2
Rust	Run unit/integration tests	2026-07-06T01:25:45.1500930Z ^[[1m^[[92m   Compiling^[[0m seq-macro v0.3.6
Rust	Run unit/integration tests	2026-07-06T01:25:45.2881112Z ^[[1m^[[92m   Compiling^[[0m env_home v0.1.0
Rust	Run unit/integration tests	2026-07-06T01:25:45.3281130Z ^[[1m^[[92m   Compiling^[[0m litrs v1.0.0
Rust	Run unit/integration tests	2026-07-06T01:25:45.4475092Z ^[[1m^[[92m   Compiling^[[0m num_threads v0.1.7
Rust	Run unit/integration tests	2026-07-06T01:25:45.5450896Z ^[[1m^[[92m   Compiling^[[0m simdutf8 v0.1.5
Rust	Run unit/integration tests	2026-07-06T01:25:45.6560870Z ^[[1m^[[92m   Compiling^[[0m time-core v0.1.8
Rust	Run unit/integration tests	2026-07-06T01:25:45.7571275Z ^[[1m^[[92m   Compiling^[[0m time v0.3.47
Rust	Run unit/integration tests	2026-07-06T01:25:45.7720894Z ^[[1m^[[92m   Compiling^[[0m document-features v0.2.12
Rust	Run unit/integration tests	2026-07-06T01:25:46.1570771Z ^[[1m^[[92m   Compiling^[[0m parquet v58.3.0
Rust	Run unit/integration tests	2026-07-06T01:25:46.2421044Z ^[[1m^[[92m   Compiling^[[0m which v7.0.3
Rust	Run unit/integration tests	2026-07-06T01:25:46.3960920Z ^[[1m^[[92m   Compiling^[[0m derive_more v2.1.1
Rust	Run unit/integration tests	2026-07-06T01:25:46.4350963Z ^[[1m^[[92m   Compiling^[[0m qrcode v0.14.1
Rust	Run unit/integration tests	2026-07-06T01:25:46.6802996Z ^[[1m^[[92m   Compiling^[[0m clap v4.5.57
Rust	Run unit/integration tests	2026-07-06T01:25:46.7191018Z ^[[1m^[[92m   Compiling^[[0m line-clipping v0.3.5
Rust	Run unit/integration tests	2026-07-06T01:25:46.8720882Z ^[[1m^[[92m   Compiling^[[0m rustix v0.38.44
Rust	Run unit/integration tests	2026-07-06T01:25:47.0711199Z ^[[1m^[[92m   Compiling^[[0m urlencoding v2.1.3
Rust	Run unit/integration tests	2026-07-06T01:25:47.1581314Z ^[[1m^[[92m   Compiling^[[0m ratatui-widgets v0.3.0
Rust	Run unit/integration tests	2026-07-06T01:25:47.1981106Z ^[[1m^[[92m   Compiling^[[0m crossterm v0.29.0
Rust	Run unit/integration tests	2026-07-06T01:25:48.2854435Z ^[[1m^[[92m   Compiling^[[0m linux-raw-sys v0.4.15
Rust	Run unit/integration tests	2026-07-06T01:25:49.0361341Z ^[[1m^[[92m   Compiling^[[0m ratatui-macros v0.7.0
Rust	Run unit/integration tests	2026-07-06T01:25:49.0760807Z ^[[1m^[[92m   Compiling^[[0m ratatui-crossterm v0.1.0
Rust	Run unit/integration tests	2026-07-06T01:25:49.2180981Z ^[[1m^[[92m   Compiling^[[0m axum-core v0.5.6
Rust	Run unit/integration tests	2026-07-06T01:25:49.3141606Z ^[[1m^[[92m   Compiling^[[0m async-stream-impl v0.3.6
Rust	Run unit/integration tests	2026-07-06T01:25:49.6760952Z ^[[1m^[[92m   Compiling^[[0m serde_path_to_error v0.1.20
Rust	Run unit/integration tests	2026-07-06T01:25:49.9910944Z ^[[1m^[[92m   Compiling^[[0m matchit v0.8.4
Rust	Run unit/integration tests	2026-07-06T01:25:50.3100933Z ^[[1m^[[92m   Compiling^[[0m async-stream v0.3.6
Rust	Run unit/integration tests	2026-07-06T01:25:50.3701573Z ^[[1m^[[92m   Compiling^[[0m ratatui v0.30.0
Rust	Run unit/integration tests	2026-07-06T01:25:50.5270733Z ^[[1m^[[92m   Compiling^[[0m crossterm v0.28.1
Rust	Run unit/integration tests	2026-07-06T01:25:50.7661222Z ^[[1m^[[92m   Compiling^[[0m axum v0.8.8
Rust	Run unit/integration tests	2026-07-06T01:25:51.6160955Z ^[[1m^[[92m   Compiling^[[0m tokio-stream v0.1.18
Rust	Run unit/integration tests	2026-07-06T01:25:51.9771257Z ^[[1m^[[92m   Compiling^[[0m focusa-tui v0.9.64-dev (/home/runner/work/focusa/focusa/crates/focusa-tui)
Rust	Run unit/integration tests	2026-07-06T01:25:56.1160959Z ^[[1m^[[92m   Compiling^[[0m focusa-api v0.9.64-dev (/home/runner/work/focusa/focusa/crates/focusa-api)
Rust	Run unit/integration tests	2026-07-06T01:26:01.1305711Z ^[[1m^[[92m   Compiling^[[0m focusa-cli v0.9.64-dev (/home/runner/work/focusa/focusa/crates/focusa-cli)
Rust	Run unit/integration tests	2026-07-06T01:26:01.2243256Z ^[[1m^[[33mwarning^[[0m^[[1m: variable does not need to be mutable^[[0m
Rust	Run unit/integration tests	2026-07-06T01:26:01.2271122Z   ^[[1m^[[94m--> ^[[0mcrates/focusa-cli/tests/revoke_repair_cycle.rs:52:9
Rust	Run unit/integration tests	2026-07-06T01:26:01.2300508Z    ^[[1m^[[94m|^[[0m
Rust	Run unit/integration tests	2026-07-06T01:26:01.2301377Z ^[[1m^[[94m52^[[0m ^[[1m^[[94m|^[[0m     let mut failures = 0usize;
Rust	Run unit/integration tests	2026-07-06T01:26:01.2330798Z    ^[[1m^[[94m|^[[0m         ^[[1m^[[94m----^[[0m^[[1m^[[33m^^^^^^^^^[[0m
Rust	Run unit/integration tests	2026-07-06T01:26:01.2360444Z    ^[[1m^[[94m|^[[0m         ^[[1m^[[94m|^[[0m
Rust	Run unit/integration tests	2026-07-06T01:26:01.2390511Z    ^[[1m^[[94m|^[[0m         ^[[1m^[[94mhelp: remove this `mut`^[[0m
Rust	Run unit/integration tests	2026-07-06T01:26:01.2393416Z    ^[[1m^[[94m|^[[0m
Rust	Run unit/integration tests	2026-07-06T01:26:01.2420701Z    ^[[1m^[[94m= ^[[0m^[[1mnote^[[0m: `#[warn(unused_mut)]` (part of `#[warn(unused)]`) on by default
Rust	Run unit/integration tests	2026-07-06T01:26:01.2449921Z 
Rust	Run unit/integration tests	2026-07-06T01:26:01.9732246Z ^[[1m^[[33mwarning^[[0m: `focusa-cli` (test "revoke_repair_cycle") generated 1 warning (run `cargo fix --test "revoke_repair_cycle" -p focusa-cli` to apply 1 suggestion)
Rust	Run unit/integration tests	2026-07-06T01:26:28.2762292Z ^[[1m^[[92m    Finished^[[0m `test` profile [unoptimized + debuginfo] target(s) in 1m 41s
Rust	Run unit/integration tests	2026-07-06T01:26:28.3382428Z ^[[1m^[[92m     Running^[[0m unittests src/main.rs (target/debug/deps/focusa_daemon-5d89ab3da5c43cf1)
Rust	Run unit/integration tests	2026-07-06T01:26:28.3416048Z 
Rust	Run unit/integration tests	2026-07-06T01:26:28.3420246Z running 260 tests
Rust	Run unit/integration tests	2026-07-06T01:26:28.3427417Z test middleware::json_guard::tests::path_safety_allows_text_fields_with_dots ... ok
Rust	Run unit/integration tests	2026-07-06T01:26:28.3427988Z test middleware::json_guard::tests::content_type_accepts_json_suffix ... ok
Rust	Run unit/integration tests	2026-07-06T01:26:28.3428489Z test middleware::json_guard::tests::path_safety_rejects_nested_ref_arrays ... ok
Rust	Run unit/integration tests	2026-07-06T01:26:28.3428994Z test middleware::json_guard::tests::path_safety_rejects_encoded_slash_traversal ... ok
Rust	Run unit/integration tests	2026-07-06T01:26:28.3429853Z test middleware::json_guard::tests::path_safety_rejects_traversal_in_path_like_fields ... ok
Rust	Run unit/integration tests	2026-07-06T01:26:28.3430454Z test middleware::json_guard::tests::shape_validation_accepts_small_payloads ... ok
Rust	Run unit/integration tests	2026-07-06T01:26:28.3431143Z test middleware::route_scope::tests::read_routes_remain_read_scoped ... ok
Rust	Run unit/integration tests	2026-07-06T01:26:28.3431825Z test middleware::route_scope::tests::mutation_routes_require_write_or_control_scopes ... ok
Rust	Run unit/integration tests	2026-07-06T01:26:28.3432709Z test middleware::rate_limit::tests::caller_key_hashes_bearer_token_without_returning_secret ... ok
Rust	Run unit/integration tests	2026-07-06T01:26:28.3433583Z test middleware::rate_limit::tests::mutation_detection_skips_read_methods ... ok
Rust	Run unit/integration tests	2026-07-06T01:26:28.3434318Z test routes::agent_reminder::tests::no_headers_is_not_pi ... ok
Rust	Run unit/integration tests	2026-07-06T01:26:28.3434733Z test routes::agent_reminder::tests::user_agent_focusa_pi_is_pi ... ok
Rust	Run unit/integration tests	2026-07-06T01:26:28.3435169Z test routes::agent_reminder::tests::x_extension_token_focusa_pi_is_pi ... ok
Rust	Run unit/integration tests	2026-07-06T01:26:28.3435632Z test routes::agent_reminder::tests::x_focusa_client_pi_is_pi ... ok
Rust	Run unit/integration tests	2026-07-06T01:26:28.3441143Z test routes::agent_reminder::tests::x_focusa_client_random_is_not_pi ... ok
Rust	Run unit/integration tests	2026-07-06T01:26:28.3442203Z test routes::awareness::tests::awareness_card_accepts_exact_scope ... ok
Rust	Run unit/integration tests	2026-07-06T01:26:28.3443157Z test routes::awareness::tests::awareness_card_mentions_required_agent_rules ... ok
Rust	Run unit/integration tests	2026-07-06T01:26:28.3444093Z test routes::awareness::tests::awareness_card_rejects_cross_project_workpoint ... ok
Rust	Run unit/integration tests	2026-07-06T01:26:28.3446116Z test routes::awareness::tests::awareness_card_requires_explicit_project_root_and_continuity_for_workpoint ... ok
Rust	Run unit/integration tests	2026-07-06T01:26:28.3447243Z test routes::bounded::tests::background_resource_monitor_records_transition_without_active_session ... ok
Rust	Run unit/integration tests	2026-07-06T01:26:28.3448264Z test routes::bounded::tests::cursor_window_returns_next_cursor_and_previous_cursor ... ok
Rust	Run unit/integration tests	2026-07-06T01:26:28.3450813Z test routes::bounded::tests::field_projection_filters_to_allowed_fields ... ok
Rust	Run unit/integration tests	2026-07-06T01:26:28.3452201Z test routes::bounded::tests::budgeted_limits_derive_from_lowmem_budget ... ok
Rust	Run unit/integration tests	2026-07-06T01:26:28.3453483Z test routes::bounded::tests::forced_lowmem_blocks_full_payload_without_force_override ... ok
Rust	Run unit/integration tests	2026-07-06T01:26:28.3454443Z test routes::bounded::tests::full_payload_pressure_block_respects_force_flag ... ok
Rust	Run unit/integration tests	2026-07-06T01:26:28.3458184Z test routes::bounded::tests::lowmem_retention_policy_evicts_raw_history_before_core_context ... ok
Rust	Run unit/integration tests	2026-07-06T01:26:28.3459457Z test routes::bounded::tests::metadata_makes_truncation_and_rehydrate_path_explicit ... ok
Rust	Run unit/integration tests	2026-07-06T01:26:28.3460760Z test routes::bounded::tests::pressure_status_is_safe_without_threshold ... ok
Rust	Run unit/integration tests	2026-07-06T01:26:28.3461877Z test routes::bounded::tests::resolves_default_limit_without_full_payload ... ok
Rust	Run unit/integration tests	2026-07-06T01:26:28.3462964Z test routes::bounded::tests::resolves_full_limit_with_explicit_opt_in ... ok
Rust	Run unit/integration tests	2026-07-06T01:26:28.3464072Z test routes::bounded::tests::traversal_bounds_caps_depth_and_path_segments ... ok
Rust	Run unit/integration tests	2026-07-06T01:26:28.3465109Z test routes::call_stack::tests::entry_surface_whitelist ... ok
Rust	Run unit/integration tests	2026-07-06T01:26:28.3466171Z test routes::bounded::tests::resource_mode_forced_lowmem_reports_all_tools_callable ... ok
Rust	Run unit/integration tests	2026-07-06T01:26:28.3467303Z test routes::call_stack::tests::project_root_hash_is_deterministic ... ok
Rust	Run unit/integration tests	2026-07-06T01:26:28.3468464Z test routes::capabilities::tests::clt_nodes_can_be_summarized_without_payload_expansion ... ok
Rust	Run unit/integration tests	2026-07-06T01:26:28.3469816Z test routes::bounded::tests::resource_mode_hysteresis_delays_recovery_not_escalation ... ok
Rust	Run unit/integration tests	2026-07-06T01:26:28.3470929Z test routes::capabilities::tests::lineage_node_cap_defaults_to_surgical_window ... ok
Rust	Run unit/integration tests	2026-07-06T01:26:28.3472089Z test routes::call_stack::tests::sanitize_stub_lowercases_and_replaces ... ok
Rust	Run unit/integration tests	2026-07-06T01:26:28.3473262Z test routes::capabilities::tests::lineage_node_cap_respects_limit_under_default_ceiling ... ok
Rust	Run unit/integration tests	2026-07-06T01:26:28.3474383Z test routes::context_cognition::tests::curator_exclusion_labeled ... ok
Rust	Run unit/integration tests	2026-07-06T01:26:28.3475865Z test routes::capabilities::tests::traversal_metadata_reports_window_caps_and_cursor ... ok
Rust	Run unit/integration tests	2026-07-06T01:26:28.3477584Z test routes::context_cognition::tests::curator_token_budget_keeps_highest_scored ... ok
Rust	Run unit/integration tests	2026-07-06T01:26:28.3478721Z test routes::context_cognition::tests::default_authority_is_advisory ... ok
Rust	Run unit/integration tests	2026-07-06T01:26:28.3480061Z test routes::context_cognition::tests::default_route_frame_lists_next_and_recovery ... ok
Rust	Run unit/integration tests	2026-07-06T01:26:28.3481205Z test routes::context_cognition::tests::empty_packet_uses_schema_v1 ... ok
Rust	Run unit/integration tests	2026-07-06T01:26:28.3482205Z test routes::device_pairing::tests::code_format_is_focus_dash_8_dash_4 ... ok
Rust	Run unit/integration tests	2026-07-06T01:26:28.3483198Z test routes::device_pairing::tests::token_is_32_byte_base64url_no_pad ... ok
Rust	Run unit/integration tests	2026-07-06T01:26:28.3484916Z test routes::device_pairing::tests::unsafe_paths_blocked ... ok
Rust	Run unit/integration tests	2026-07-06T01:26:28.3485644Z test routes::ecs::tests::limit_handles_returns_cursor_window ... ok
Rust	Run unit/integration tests	2026-07-06T01:26:28.3486308Z test routes::ecs::tests::handle_summaries_strip_blob_metadata ... ok
Rust	Run unit/integration tests	2026-07-06T01:26:28.3487003Z test routes::focus::tests::resolve_scoped_frame_falls_back_to_latest_active_session_key ... ok
Rust	Run unit/integration tests	2026-07-06T01:26:28.3487557Z test routes::ecs::tests::resolve_handle_uses_disk_metadata_when_state_handle_is_lossy ... ok
Rust	Run unit/integration tests	2026-07-06T01:26:28.3488094Z test routes::focus::tests::resolve_scoped_frame_matches_safe_project_and_continuity ... ok
Rust	Run unit/integration tests	2026-07-06T01:26:28.3488618Z test routes::focus::tests::resolve_scoped_frame_prefers_explicit_frame_id ... ok
Rust	Run unit/integration tests	2026-07-06T01:26:28.3489064Z test routes::focus::tests::resolve_scoped_frame_requires_scope ... ok
Rust	Run unit/integration tests	2026-07-06T01:26:28.3489466Z test routes::memory::tests::limit_page_returns_cursor_window ... ok
Rust	Run unit/integration tests	2026-07-06T01:26:28.3490353Z test routes::memory::tests::missing_rule_reinforce_returns_not_found_failure ... ok
Rust	Run unit/integration tests	2026-07-06T01:26:28.3490926Z test routes::agent_reminder::tests::prompt_body_lists_tool_families ... ok
Rust	Run unit/integration tests	2026-07-06T01:26:28.3491448Z test routes::metacognition::tests::capture_hot_index_is_summary_bounded_and_recent_first ... ok
Rust	Run unit/integration tests	2026-07-06T01:26:28.3492274Z test routes::focus::tests::resolve_scoped_frame_without_scope_is_none ... ok
Rust	Run unit/integration tests	2026-07-06T01:26:28.3492714Z test routes::memory::tests::semantic_summary_strips_heavy_fields ... ok
Rust	Run unit/integration tests	2026-07-06T01:26:28.3493151Z test routes::metacognition::tests::prune_metacog_store_applies_ttl ... ok
Rust	Run unit/integration tests	2026-07-06T01:26:28.3493630Z test routes::metacognition::tests::capture_tags_include_trajectory_ladder_words ... ok
Rust	Run unit/integration tests	2026-07-06T01:26:28.3494155Z test routes::metacognition::tests::prune_metacog_store_applies_caps_per_collection ... ok
Rust	Run unit/integration tests	2026-07-06T01:26:28.3500867Z test routes::ontology::tests::abandons_under_link_type_is_registered ... ok
Rust	Run unit/integration tests	2026-07-06T01:26:28.3530689Z test routes::ontology::tests::affordance_execution_projection_blocks_build_without_cargo_manifest ... ok
Rust	Run unit/integration tests	2026-07-06T01:26:28.3533495Z test routes::ontology::tests::affordance_execution_projection_emits_runtime_affordances_and_permissions ... ok
Rust	Run unit/integration tests	2026-07-06T01:26:28.3534820Z test routes::health::tests::doctor_contract_count_matches_bundled_registry ... ok
Rust	Run unit/integration tests	2026-07-06T01:26:28.3535910Z test routes::ontology::tests::apply_inhibition_action_type_is_registered ... ok
Rust	Run unit/integration tests	2026-07-06T01:26:28.3536941Z test routes::ontology::tests::archive_object_action_type_is_registered ... ok
Rust	Run unit/integration tests	2026-07-06T01:26:28.3537914Z test routes::ontology::tests::archived_as_link_type_is_registered ... ok
Rust	Run unit/integration tests	2026-07-06T01:26:28.3538929Z test routes::ontology::tests::authorize_abandonment_action_type_is_registered ... ok
Rust	Run unit/integration tests	2026-07-06T01:26:28.3540127Z test routes::ontology::tests::belongs_to_working_set_link_type_is_registered ... ok
Rust	Run unit/integration tests	2026-07-06T01:26:28.3570508Z test routes::ontology::tests::affordances_payload_surfaces_feasible_actions_without_mutation ... ok
Rust	Run unit/integration tests	2026-07-06T01:26:28.3575577Z test routes::ontology::tests::build_projection_action_type_is_registered ... ok
Rust	Run unit/integration tests	2026-07-06T01:26:28.3576886Z test routes::ontology::tests::bounded_summary_projection_avoids_visual_expansion_for_default_slice_paths ... ok
Rust	Run unit/integration tests	2026-07-06T01:26:28.3578215Z test routes::ontology::tests::build_resolution_candidates_action_type_is_registered ... ok
Rust	Run unit/integration tests	2026-07-06T01:26:28.3579268Z test routes::ontology::tests::commits_to_link_type_is_registered ... ok
Rust	Run unit/integration tests	2026-07-06T01:26:28.3580378Z test routes::ontology::tests::compress_projection_action_type_is_registered ... ok
Rust	Run unit/integration tests	2026-07-06T01:26:28.3581391Z test routes::ontology::tests::conflicts_with_link_type_is_registered ... ok
Rust	Run unit/integration tests	2026-07-06T01:26:28.3582336Z test routes::ontology::tests::constrains_link_type_is_registered ... ok
Rust	Run unit/integration tests	2026-07-06T01:26:28.3583249Z test routes::ontology::tests::decays_via_link_type_is_registered ... ok
Rust	Run unit/integration tests	2026-07-06T01:26:28.3584201Z test routes::ontology::tests::decompose_goal_action_type_is_registered ... ok
Rust	Run unit/integration tests	2026-07-06T01:26:28.3585283Z test routes::ontology::tests::debugging_slice_members_enforce_boundary_and_relevance ... ok
Rust	Run unit/integration tests	2026-07-06T01:26:28.3586395Z test routes::ontology::tests::detect_affordances_action_type_is_registered ... ok
Rust	Run unit/integration tests	2026-07-06T01:26:28.3587394Z test routes::ontology::tests::detect_aliases_action_type_is_registered ... ok
Rust	Run unit/integration tests	2026-07-06T01:26:28.3588404Z test routes::ontology::tests::determine_current_ask_action_type_is_registered ... ok
Rust	Run unit/integration tests	2026-07-06T01:26:28.3589510Z test routes::ontology::tests::determine_handoff_boundary_action_type_is_registered ... ok
Rust	Run unit/integration tests	2026-07-06T01:26:28.3590793Z test routes::ontology::tests::drives_completion_of_link_type_is_registered ... ok
Rust	Run unit/integration tests	2026-07-06T01:26:28.3618702Z test routes::ontology::tests::dynamic_choreography_multiplier_is_bounded_and_monotonic ... ok
Rust	Run unit/integration tests	2026-07-06T01:26:28.3620055Z test routes::ontology::tests::establish_identity_action_type_is_registered ... ok
Rust	Run unit/integration tests	2026-07-06T01:26:28.3621144Z test routes::ontology::tests::evaluate_retention_action_type_is_registered ... ok
Rust	Run unit/integration tests	2026-07-06T01:26:28.3622211Z test routes::ontology::tests::evaluate_switch_action_type_is_registered ... ok
Rust	Run unit/integration tests	2026-07-06T01:26:28.3623358Z test routes::ontology::tests::exclude_irrelevant_context_action_type_is_registered ... ok
Rust	Run unit/integration tests	2026-07-06T01:26:28.3624587Z test routes::ontology::tests::execution_critic_emits_failure_artifact_without_canonical_mutation ... ok
Rust	Run unit/integration tests	2026-07-06T01:26:28.3626152Z test routes::ontology::tests::inhibits_link_type_is_registered ... ok
Rust	Run unit/integration tests	2026-07-06T01:26:28.3627291Z test routes::ontology::tests::intelligence_dashboard_surfaces_doc78_metrics_and_fixed_eval_suite ... ok
Rust	Run unit/integration tests	2026-07-06T01:26:28.3628534Z test routes::ontology::tests::load_role_profile_action_type_is_registered ... ok
Rust	Run unit/integration tests	2026-07-06T01:26:28.3629748Z test routes::ontology::tests::maintain_commitment_action_type_is_registered ... ok
Rust	Run unit/integration tests	2026-07-06T01:26:28.3631030Z test routes::ontology::tests::memory_pipeline_links_artifacts_and_gates_semantic_procedural_promotion ... ok
Rust	Run unit/integration tests	2026-07-06T01:26:28.3632341Z test routes::ontology::tests::action_catalog_projection_is_cached_and_complete ... ok
Rust	Run unit/integration tests	2026-07-06T01:26:28.3633547Z test routes::ontology::tests::graph_community_summaries_are_evidence_backed_projections ... ok
Rust	Run unit/integration tests	2026-07-06T01:26:28.4081650Z test routes::ontology::tests::ontology_primitive_contracts_preserve_core_semantic_classes ... ok
Rust	Run unit/integration tests	2026-07-06T01:26:28.4091818Z test routes::ontology::tests::ontology_slice_contract_preserves_projection_not_canonical_truth_boundary ... ok
Rust	Run unit/integration tests	2026-07-06T01:26:28.4100588Z test routes::ontology::tests::persists_on_link_type_is_registered ... ok
Rust	Run unit/integration tests	2026-07-06T01:26:28.4101792Z test routes::ontology::tests::ontology_link_and_action_contracts_preserve_reducer_authority ... ok
Rust	Run unit/integration tests	2026-07-06T01:26:28.4106502Z test routes::ontology::tests::prioritize_work_action_type_is_registered ... ok
Rust	Run unit/integration tests	2026-07-06T01:26:28.4114441Z test routes::ontology::tests::prune_active_context_action_type_is_registered ... ok
Rust	Run unit/integration tests	2026-07-06T01:26:28.4115611Z test routes::ontology::tests::pruned_by_link_type_is_registered ... ok
Rust	Run unit/integration tests	2026-07-06T01:26:28.4116748Z test routes::ontology::tests::push_to_completion_action_type_is_registered ... ok
Rust	Run unit/integration tests	2026-07-06T01:26:28.4117764Z test routes::ontology::tests::record_decision_action_type_is_registered ... ok
Rust	Run unit/integration tests	2026-07-06T01:26:28.4118879Z test routes::ontology::tests::record_supersession_action_type_is_registered ... ok
Rust	Run unit/integration tests	2026-07-06T01:26:28.4120196Z test routes::ontology::tests::projection_profile_is_stable_for_same_slice_type ... ok
Rust	Run unit/integration tests	2026-07-06T01:26:28.4121387Z test routes::ontology::tests::restore_from_archive_action_type_is_registered ... ok
Rust	Run unit/integration tests	2026-07-06T01:26:28.4122569Z test routes::ontology::tests::restore_identity_continuity_action_type_is_registered ... ok
Rust	Run unit/integration tests	2026-07-06T01:26:28.4124034Z test routes::ontology::tests::reflection_synthesizer_proposes_artifacts_and_rejects_noise_without_promotion ... ok
Rust	Run unit/integration tests	2026-07-06T01:26:28.4125350Z test routes::ontology::tests::retained_under_link_type_is_registered ... ok
Rust	Run unit/integration tests	2026-07-06T01:26:28.4131352Z test routes::ontology::tests::select_relevant_context_action_type_is_registered ... ok
Rust	Run unit/integration tests	2026-07-06T01:26:28.4132595Z test routes::ontology::tests::supports_link_type_is_registered ... ok
Rust	Run unit/integration tests	2026-07-06T01:26:28.4133587Z test routes::ontology::tests::tool_edge_refs_parse_only_focusa_edges ... ok
Rust	Run unit/integration tests	2026-07-06T01:26:28.4134909Z test routes::ontology::tests::tool_result_candidate_deltas_connect_targets_evidence_and_failures_without_mutation ... ok
Rust	Run unit/integration tests	2026-07-06T01:26:28.4136408Z test routes::ontology::tests::uncertainty_label_prioritizes_degraded_verified_evidence_and_projection ... ok
Rust	Run unit/integration tests	2026-07-06T01:26:28.4139408Z test routes::ontology::tests::unknown_slice_types_fallback_to_active_mission_profile ... ok
Rust	Run unit/integration tests	2026-07-06T01:26:28.4140756Z test routes::ontology::tests::verify_capability_profile_action_type_is_registered ... ok
Rust	Run unit/integration tests	2026-07-06T01:26:28.4141907Z test routes::ontology::tests::verify_permissions_action_type_is_registered ... ok
Rust	Run unit/integration tests	2026-07-06T01:26:28.4143068Z test routes::ontology::tests::verify_projection_fidelity_action_type_is_registered ... ok
Rust	Run unit/integration tests	2026-07-06T01:26:28.4144201Z test routes::ontology::tests::verify_resolution_action_type_is_registered ... ok
Rust	Run unit/integration tests	2026-07-06T01:26:28.8358233Z test routes::ontology::tests::adjacency_index_surfaces_incoming_outgoing_counts_without_mutation ... ok
Rust	Run unit/integration tests	2026-07-06T01:26:28.8396616Z test routes::ontology::tests::workspace_projection_discovers_fixture_code_world ... ok
Rust	Run unit/integration tests	2026-07-06T01:26:28.8408839Z test routes::predictions::tests::bound_predictions_keeps_latest_thousand_records ... ok
Rust	Run unit/integration tests	2026-07-06T01:26:28.8412603Z test routes::predictions::tests::scoped_prediction_trajectory_suppresses_unmatched_global_context ... ok
Rust	Run unit/integration tests	2026-07-06T01:26:28.8422708Z test routes::predictions::tests::scoped_prediction_trajectory_uses_request_project_scope ... ok
Rust	Run unit/integration tests	2026-07-06T01:26:28.8425524Z test routes::predictions::tests::write_predictions_to_persists_json_records ... ok
Rust	Run unit/integration tests	2026-07-06T01:26:28.8434460Z test routes::project::tests::broad_root_never_verifies_as_project_identity ... ok
Rust	Run unit/integration tests	2026-07-06T01:26:28.8470241Z test routes::project::tests::conflicting_marker_degrades_identity ... ok
Rust	Run unit/integration tests	2026-07-06T01:26:28.8471319Z test routes::project::tests::explicit_git_scope_ignores_parent_account_beads_and_workspace ... ok
Rust	Run unit/integration tests	2026-07-06T01:26:28.8500454Z test routes::project::tests::git_beads_workspace_quorum_verifies_identity ... ok
Rust	Run unit/integration tests	2026-07-06T01:26:28.8530251Z test routes::project::tests::identity_name_match_accepts_safe_case_and_aliases ... ok
Rust	Run unit/integration tests	2026-07-06T01:26:28.8550418Z test routes::project::tests::marker_aliases_and_beads_issue_prefix_are_exposed ... ok
Rust	Run unit/integration tests	2026-07-06T01:26:28.8551676Z test routes::project::tests::marker_exposes_environment_and_deploy_facts ... ok
Rust	Run unit/integration tests	2026-07-06T01:26:28.8552770Z test routes::project::tests::parent_public_html_wp_config_does_not_bleed_into_child_project ... ok
Rust	Run unit/integration tests	2026-07-06T01:26:28.8553932Z test routes::project::tests::persisted_session_identity_mismatch_degrades_identity ... ok
Rust	Run unit/integration tests	2026-07-06T01:26:28.8554960Z test routes::project::tests::remote_hint_is_bound_into_identity_payload ... ok
Rust	Run unit/integration tests	2026-07-06T01:26:28.8556040Z test routes::project::tests::scans_repo_files_to_infer_live_environment_without_marker_fields ... ok
Rust	Run unit/integration tests	2026-07-06T01:26:28.8557177Z test routes::project::tests::scoped_trajectory_record_prefers_project_root_match ... ok
Rust	Run unit/integration tests	2026-07-06T01:26:28.8558239Z test routes::project::tests::scoped_workpoint_record_prefers_project_root_match ... ok
Rust	Run unit/integration tests	2026-07-06T01:26:28.8975675Z test routes::reflection::tests::reflect_history_cursor_before_paginates ... ok
Rust	Run unit/integration tests	2026-07-06T01:26:28.9090242Z test routes::ontology::tests::retrieval_governor_selects_minimal_substrates_and_respects_steering ... ok
Rust	Run unit/integration tests	2026-07-06T01:26:28.9384505Z test routes::reflection::tests::reflect_history_filters_by_mode ... ok
Rust	Run unit/integration tests	2026-07-06T01:26:28.9486640Z test routes::reflection::tests::reflect_history_filters_by_stop_reason ... ok
Rust	Run unit/integration tests	2026-07-06T01:26:28.9755792Z test routes::reflection::tests::reflect_history_filters_by_time_range ... ok
Rust	Run unit/integration tests	2026-07-06T01:26:28.9841708Z test routes::reflection::tests::reflect_history_limit_is_bounded ... ok
Rust	Run unit/integration tests	2026-07-06T01:26:29.0087068Z test routes::reflection::tests::reflect_history_rejects_invalid_mode_filter ... ok
Rust	Run unit/integration tests	2026-07-06T01:26:29.0182863Z test routes::reflection::tests::reflect_history_rejects_invalid_time_filter ... ok
Rust	Run unit/integration tests	2026-07-06T01:26:29.0457261Z test routes::reflection::tests::reflect_low_confidence_threshold_sets_stop_reason ... ok
Rust	Run unit/integration tests	2026-07-06T01:26:29.0551213Z test routes::reflection::tests::reflect_repeated_no_delta_sets_repeated_stop_reason ... ok
Rust	Run unit/integration tests	2026-07-06T01:26:29.0838306Z test routes::reflection::tests::reflect_run_is_idempotent_by_key_and_window ... ok
Rust	Run unit/integration tests	2026-07-06T01:26:29.0852903Z test routes::reflex::tests::reflex_primitives_route_is_bounded_and_read_only ... ok
Rust	Run unit/integration tests	2026-07-06T01:26:29.0923778Z test routes::reflex::tests::semantic_project_scope_conflict_primitive_outputs_current_scope_verdict ... ok
Rust	Run unit/integration tests	2026-07-06T01:26:29.0953466Z test routes::resource::tests::resource_mode_body_preflight_maps_to_requested_mode ... ok
Rust	Run unit/integration tests	2026-07-06T01:26:29.0980695Z test routes::resource::tests::resource_tool_result_exposes_required_envelope_fields ... ok
Rust	Run unit/integration tests	2026-07-06T01:26:29.0995272Z test routes::session::tests::parse_claude_backup_file_parse ... ok
Rust	Run unit/integration tests	2026-07-06T01:26:29.1001112Z test routes::session::tests::parse_generic_and_pi_file_scan_supports_multi_agent_formats ... ok
Rust	Run unit/integration tests	2026-07-06T01:26:29.1002232Z test routes::session::tests::parse_generic_session_data_fields ... ok
Rust	Run unit/integration tests	2026-07-06T01:26:29.1003238Z test routes::session::tests::parse_generic_session_data_variants_and_fallback ... ok
Rust	Run unit/integration tests	2026-07-06T01:26:29.1004736Z test routes::session::tests::parse_generic_session_from_file_handles_fallback_and_current_ask ... ok
Rust	Run unit/integration tests	2026-07-06T01:26:29.1006111Z test routes::session::tests::parse_pi_session_data_fallback_when_data_missing ... ok
Rust	Run unit/integration tests	2026-07-06T01:26:29.1007198Z test routes::session::tests::parse_session_timestamp_from_pi_filename ... ok
Rust	Run unit/integration tests	2026-07-06T01:26:29.1008310Z test routes::session::tests::parse_session_timestamp_from_short_or_invalid_filename ... ok
Rust	Run unit/integration tests	2026-07-06T01:26:29.1009485Z test routes::snapshots::tests::prune_snapshot_store_removes_expired_entries ... ok
Rust	Run unit/integration tests	2026-07-06T01:26:29.1010761Z test routes::snapshots::tests::prune_snapshot_store_uses_lru_when_over_capacity ... ok
Rust	Run unit/integration tests	2026-07-06T01:26:29.1011701Z test routes::sse::tests::test_broadcaster ... ok
Rust	Run unit/integration tests	2026-07-06T01:26:29.1012451Z test routes::sse::tests::test_multiple_subscribers ... ok
Rust	Run unit/integration tests	2026-07-06T01:26:29.1013310Z test routes::telemetry::tests::env_usize_never_returns_zero ... ok
Rust	Run unit/integration tests	2026-07-06T01:26:29.1014264Z test routes::telemetry::tests::parses_proc_status_memory_values ... ok
Rust	Run unit/integration tests	2026-07-06T01:26:29.1015378Z test routes::telemetry::tests::retention_policy_exposes_importance_pruning_order ... ok
Rust	Run unit/integration tests	2026-07-06T01:26:29.1016589Z test routes::telemetry::tests::route_budget_profile_exposes_major_read_surfaces ... ok
Rust	Run unit/integration tests	2026-07-06T01:26:29.1017812Z test routes::telemetry::tests::telemetry_events_limit_is_hard_bounded_by_route_logic ... ok
Rust	Run unit/integration tests	2026-07-06T01:26:29.1018975Z test routes::telemetry::tests::trace_batch_acceptance_is_hard_bounded ... ok
Rust	Run unit/integration tests	2026-07-06T01:26:29.1020096Z test routes::training::tests::collect_turn_rows_filters_and_orders ... ok
Rust	Run unit/integration tests	2026-07-06T01:26:29.1021144Z test routes::training::tests::collect_turn_rows_redacts_training_secrets ... ok
Rust	Run unit/integration tests	2026-07-06T01:26:29.1022264Z test routes::training::tests::dataset_builders_return_expected_shapes ... ok
Rust	Run unit/integration tests	2026-07-06T01:26:29.1023453Z test routes::trajectory::tests::define_goal_returns_advisory_candidate_without_canonical_mutation ... ok
Rust	Run unit/integration tests	2026-07-06T01:26:29.1024779Z test routes::reflection::tests::scheduler_tick_respects_enable_and_cooldown ... ok
Rust	Run unit/integration tests	2026-07-06T01:26:29.1025971Z test routes::trajectory::tests::propose_workpoint_candidate_carries_handoff_guards ... ok
Rust	Run unit/integration tests	2026-07-06T01:26:29.1027269Z test routes::trajectory::tests::define_goal_supersession_requires_operator_or_durable_evidence ... ok
Rust	Run unit/integration tests	2026-07-06T01:26:29.1036264Z test routes::trajectory::tests::propose_workpoint_returns_checkpoint_required_candidate ... ok
Rust	Run unit/integration tests	2026-07-06T01:26:29.1037719Z test routes::trajectory::tests::trajectory_clarity_gate_guides_missing_and_conflicting_states ... ok
Rust	Run unit/integration tests	2026-07-06T01:26:29.1052389Z test routes::trajectory::tests::trajectory_resume_rejects_current_ask_project_path_conflict ... ok
Rust	Run unit/integration tests	2026-07-06T01:26:29.1067641Z test routes::trajectory::tests::trajectory_similarity_grouping_is_advisory_not_authority ... ok
Rust	Run unit/integration tests	2026-07-06T01:26:29.1069011Z test routes::trajectory::tests::trajectory_view_does_not_promote_workpoint_to_long_term_goal ... ok
Rust	Run unit/integration tests	2026-07-06T01:26:29.1070458Z test routes::trajectory::tests::trajectory_define_goal_sets_goal_state_binding_visible_to_view ... ok
Rust	Run unit/integration tests	2026-07-06T01:26:29.1084458Z test routes::trajectory::tests::trajectory_view_exposes_durable_lifecycle_history ... ok
Rust	Run unit/integration tests	2026-07-06T01:26:29.1110801Z test routes::trajectory::tests::trajectory_view_ignores_global_workpoint_and_frame_for_explicit_project_scope ... ok
Rust	Run unit/integration tests	2026-07-06T01:26:29.1120448Z test routes::trajectory::tests::trajectory_view_ignores_stale_global_active_workpoint_when_scope_requested ... ok
Rust	Run unit/integration tests	2026-07-06T01:26:29.1124379Z test routes::trajectory::tests::trajectory_view_prefers_scoped_workpoint_over_stale_global_active ... ok
Rust	Run unit/integration tests	2026-07-06T01:26:29.1152587Z test routes::trajectory::tests::trajectory_view_is_project_scoped_and_bounded ... ok
Rust	Run unit/integration tests	2026-07-06T01:26:29.1156765Z test routes::trajectory::tests::trajectory_view_syncs_focus_current_focus_and_short_term_goal_projection ... ok
Rust	Run unit/integration tests	2026-07-06T01:26:29.1169416Z test routes::trajectory::tests::trajectory_view_treats_session_id_as_metadata_and_missing_continuity_as_not_found ... ok
Rust	Run unit/integration tests	2026-07-06T01:26:29.1192549Z test routes::traverse::tests::lineage_window_response_has_traversal_metadata_and_tags ... ok
Rust	Run unit/integration tests	2026-07-06T01:26:29.1198817Z test routes::traverse::tests::evidence_surface_default_projection_includes_trajectory_context ... ok
Rust	Run unit/integration tests	2026-07-06T01:26:29.1240332Z test routes::traverse::tests::reflex_primitive_surface_returns_registry_backed_family_items ... ok
Rust	Run unit/integration tests	2026-07-06T01:26:29.1270855Z test routes::traverse::tests::tag_verify_endpoint_adopts_selector_from_requested_tag ... ok
Rust	Run unit/integration tests	2026-07-06T01:26:29.1295612Z test routes::traverse::tests::tag_verify_preserves_item_tag_after_unrelated_change ... ok
Rust	Run unit/integration tests	2026-07-06T01:26:29.1320289Z test routes::traverse::tests::tag_verify_reports_stale_tags ... ok
Rust	Run unit/integration tests	2026-07-06T01:26:29.1334575Z test routes::traverse::tests::trajectory_surface_projects_ladder_context ... ok
Rust	Run unit/integration tests	2026-07-06T01:26:29.1335714Z test routes::traverse::tests::unsupported_surface_returns_blocked_tool_envelope ... ok
Rust	Run unit/integration tests	2026-07-06T01:26:29.1379089Z test routes::traverse::tests::major_surface_adapters_return_bounded_items ... ok
Rust	Run unit/integration tests	2026-07-06T01:26:29.1382121Z test routes::work_loop::tests::resume_payload_includes_active_workpoint_summary ... ok
Rust	Run unit/integration tests	2026-07-06T01:26:29.1383320Z test routes::work_loop::tests::secondary_loop_acceptance_hooks_default_to_false_without_evidence ... ok
Rust	Run unit/integration tests	2026-07-06T01:26:29.1384676Z test routes::work_loop::tests::secondary_loop_acceptance_hooks_surface_controlled_run_proofs ... ok
Rust	Run unit/integration tests	2026-07-06T01:26:29.1390062Z test routes::work_loop::tests::secondary_loop_closure_bundle_surfaces_replay_gate_contract ... ok
Rust	Run unit/integration tests	2026-07-06T01:26:29.1391744Z test routes::work_loop::tests::secondary_loop_closure_replay_evidence_defaults_fail_closed_without_match ... ok
Rust	Run unit/integration tests	2026-07-06T01:26:29.1396725Z test routes::work_loop::tests::secondary_loop_closure_replay_evidence_surfaces_current_task_pair ... ok
Rust	Run unit/integration tests	2026-07-06T01:26:29.1398122Z test routes::work_loop::tests::secondary_loop_continuity_gate_surfaces_fail_closed_when_replay_error ... ok
Rust	Run unit/integration tests	2026-07-06T01:26:29.1399391Z test routes::work_loop::tests::secondary_loop_continuity_gate_surfaces_open_state_when_replay_ok ... ok
Rust	Run unit/integration tests	2026-07-06T01:26:29.1400820Z test routes::work_loop::tests::secondary_loop_eval_bundle_prefers_current_task_when_bound ... ok
Rust	Run unit/integration tests	2026-07-06T01:26:29.1402024Z test routes::work_loop::tests::secondary_loop_eval_bundle_surfaces_doc78_audit_dimensions ... ok
Rust	Run unit/integration tests	2026-07-06T01:26:29.1403168Z test routes::work_loop::tests::secondary_loop_eval_bundle_tracks_extended_outcome_classes ... ok
Rust	Run unit/integration tests	2026-07-06T01:26:29.1404331Z test routes::work_loop::tests::secondary_loop_quality_metrics_handle_zero_denominators ... ok
Rust	Run unit/integration tests	2026-07-06T01:26:29.1405465Z test routes::work_loop::tests::secondary_loop_quality_metrics_include_rate_surfaces ... ok
Rust	Run unit/integration tests	2026-07-06T01:26:29.1406728Z test routes::work_loop::tests::secondary_loop_replay_consumer_payload_surfaces_error_state_fail_closed ... ok
Rust	Run unit/integration tests	2026-07-06T01:26:29.1407949Z test routes::work_loop::tests::secondary_loop_replay_consumer_payload_surfaces_ok_state ... ok
Rust	Run unit/integration tests	2026-07-06T01:26:29.1409171Z test routes::work_loop::tests::workpoint_summary_surfaces_active_packet_for_status ... ok
Rust	Run unit/integration tests	2026-07-06T01:26:29.1410423Z test routes::workpoint::tests::active_workpoint_ignores_unsafe_broad_root_record ... ok
Rust	Run unit/integration tests	2026-07-06T01:26:29.1411539Z test routes::workpoint::tests::agent_runtime_paths_rejected_as_project_root ... ok
Rust	Run unit/integration tests	2026-07-06T01:26:29.1412614Z test routes::workpoint::tests::broad_project_root_rejects_before_resume_injection ... ok
Rust	Run unit/integration tests	2026-07-06T01:26:29.1413774Z test routes::workpoint::tests::canonical_checkpoint_requires_safe_project_identity_envelope ... ok
Rust	Run unit/integration tests	2026-07-06T01:26:29.1415118Z test routes::workpoint::tests::checkpoint_reason_accepts_operator_checkpoint_and_rejects_unknown_field_value ... ok
Rust	Run unit/integration tests	2026-07-06T01:26:29.1416491Z test routes::workpoint::tests::continuity_id_mismatch_rejects_inside_same_project_root ... ok
Rust	Run unit/integration tests	2026-07-06T01:26:29.1417797Z test routes::workpoint::tests::current_ask_scope_conflict_rejects_executable_workpoint_resume ... ok
Rust	Run unit/integration tests	2026-07-06T01:26:29.1422430Z test routes::workpoint::tests::current_payload_status_matches_nested_workpoint_status ... ok
Rust	Run unit/integration tests	2026-07-06T01:26:29.1440579Z test routes::workpoint::tests::drift_classifier_accepts_matching_target_and_action_term ... ok
Rust	Run unit/integration tests	2026-07-06T01:26:29.1442310Z test routes::workpoint::tests::drift_classifier_does_not_match_boundary_tokens_inside_compound_words ... ok
Rust	Run unit/integration tests	2026-07-06T01:26:29.1443615Z test routes::workpoint::tests::drift_classifier_flags_notes_only_wrong_object_and_boundaries ... ok
Rust	Run unit/integration tests	2026-07-06T01:26:29.1444783Z test routes::workpoint::tests::idempotency_cache_prunes_to_configured_max ... ok
Rust	Run unit/integration tests	2026-07-06T01:26:29.1453297Z test routes::workpoint::tests::idempotency_cache_status_payload_exposes_caps ... ok
Rust	Run unit/integration tests	2026-07-06T01:26:29.1454700Z test routes::workpoint::tests::project_root_mismatch_rejects_before_resume_injection ... ok
Rust	Run unit/integration tests	2026-07-06T01:26:29.1478350Z test routes::workpoint::tests::resume_packet_v2_contains_trajectory_traverse_and_provenance ... ok
Rust	Run unit/integration tests	2026-07-06T01:26:29.1508073Z test routes::workpoint::tests::resume_packet_v2_splits_saved_scope_from_current_action_authority ... ok
Rust	Run unit/integration tests	2026-07-06T01:26:29.1512360Z test routes::workpoint::tests::resume_summary_is_bounded_and_action_oriented ... ok
Rust	Run unit/integration tests	2026-07-06T01:26:29.1513578Z test routes::workpoint::tests::session_id_change_preserves_canonical_when_project_root_matches ... ok
Rust	Run unit/integration tests	2026-07-06T01:26:29.1514799Z test routes::workpoint::tests::session_identity_overrides_flat_checkpoint_scope ... ok
Rust	Run unit/integration tests	2026-07-06T01:26:29.1520811Z test routes::workpoint::tests::workpoint_packet_carries_session_identity_envelope ... ok
Rust	Run unit/integration tests	2026-07-06T01:26:29.1560539Z test routes::workpoint::tests::workpoint_packet_contains_next_slice_and_canonical_flag ... ok
Rust	Run unit/integration tests	2026-07-06T01:26:29.1562044Z test routes::workpoint::tests::workpoint_packet_includes_project_root_for_project_folder_guard ... ok
Rust	Run unit/integration tests	2026-07-06T01:26:29.1563282Z test server::tests::dispatch_error_transport_recovery_detection_is_specific ... ok
Rust	Run unit/integration tests	2026-07-06T01:26:29.1567614Z test server::tests::explicit_stop_detection_is_conservative ... ok
Rust	Run unit/integration tests	2026-07-06T01:26:29.1569253Z test server::tests::scheduler_base_url_uses_localhost_port ... ok
Rust	Run unit/integration tests	2026-07-06T01:26:29.1570410Z test server::tests::supervisor_does_not_start_pi_driver_for_empty_idle_loop ... ok
Rust	Run unit/integration tests	2026-07-06T01:26:29.1581148Z test server::tests::supervisor_driver_gate_respects_loop_status ... ok
Rust	Run unit/integration tests	2026-07-06T01:26:29.1591304Z test server::tests::supervisor_reenables_idle_loop_unless_explicitly_stopped ... ok
Rust	Run unit/integration tests	2026-07-06T01:26:29.1592793Z test tests::bind_auth_guard_allows_loopback_without_token ... ok
Rust	Run unit/integration tests	2026-07-06T01:26:29.1593967Z test tests::bind_auth_guard_rejects_non_loopback_with_config_only_token ... ok
Rust	Run unit/integration tests	2026-07-06T01:26:29.1621580Z test tests::bind_auth_guard_rejects_non_loopback_without_token_when_env_absent ... ok
Rust	Run unit/integration tests	2026-07-06T01:26:29.1623306Z test tests::expand_home_dir_expands_tilde_prefix ... ok
Rust	Run unit/integration tests	2026-07-06T01:26:29.1624173Z test tests::expand_home_dir_preserves_literal_path_without_home ... ok
Rust	Run unit/integration tests	2026-07-06T01:26:29.1994274Z test routes::turn::tests::turn_complete_is_idempotent_by_turn_id ... ok
Rust	Run unit/integration tests	2026-07-06T01:26:29.4856576Z test routes::ontology::tests::ontology_context_payload_is_prompt_safe_and_non_mutating ... ok
Rust	Run unit/integration tests	2026-07-06T01:26:29.5072537Z test routes::ontology::tests::working_set_payload_returns_scored_members_and_rehydrate_paths ... ok
Rust	Run unit/integration tests	2026-07-06T01:26:29.5073052Z 
Rust	Run unit/integration tests	2026-07-06T01:26:29.5073309Z test result: ok. 260 passed; 0 failed; 0 ignored; 0 measured; 0 filtered out; finished in 1.17s
Rust	Run unit/integration tests	2026-07-06T01:26:29.5073625Z 
Rust	Run unit/integration tests	2026-07-06T01:26:29.5124475Z ^[[1m^[[92m     Running^[[0m unittests src/main.rs (target/debug/deps/focusa-9fcde697292dc445)
Rust	Run unit/integration tests	2026-07-06T01:26:29.5142981Z 
Rust	Run unit/integration tests	2026-07-06T01:26:29.5143290Z running 43 tests
Rust	Run unit/integration tests	2026-07-06T01:26:29.5146032Z test commands::action::tests::blocks_release_asset_install_on_live_build_host_during_pairing ... ok
Rust	Run unit/integration tests	2026-07-06T01:26:29.5146961Z test commands::binary::tests::parses_glibc_versions ... ok
Rust	Run unit/integration tests	2026-07-06T01:26:29.5147749Z test commands::action::tests::classifies_maybe_prompt_as_planning_without_mutation ... ok
Rust	Run unit/integration tests	2026-07-06T01:26:29.5148463Z test commands::cleanup::tests::tmp_glob_match_is_prefix_suffix_only_under_tmp ... ok
Rust	Run unit/integration tests	2026-07-06T01:26:29.5148972Z test commands::cleanup::tests::safe_target_keeps_absolute_paths_inside_trash_root ... ok
Rust	Run unit/integration tests	2026-07-06T01:26:29.5150369Z test commands::codesign::tests::inspect_report_is_serializable ... ok
Rust	Run unit/integration tests	2026-07-06T01:26:29.5150931Z test commands::codesign::tests::sign_report_serializes ... ok
Rust	Run unit/integration tests	2026-07-06T01:26:29.5151325Z test commands::codesign::tests::which_present_finds_paths ... ok
Rust	Run unit/integration tests	2026-07-06T01:26:29.5151750Z test commands::context_cognition::tests::print_human_renders_summary ... ok
Rust	Run unit/integration tests	2026-07-06T01:26:29.5152202Z test commands::context_cognition::tests::urlencoding_escapes_paths ... ok
Rust	Run unit/integration tests	2026-07-06T01:26:29.5152641Z test commands::device_pairing::tests::print_human_does_not_panic ... ok
Rust	Run unit/integration tests	2026-07-06T01:26:29.5153105Z test commands::device_pairing::tests::urlencoding_minimal_encodes_query_values ... ok
Rust	Run unit/integration tests	2026-07-06T01:26:29.5156134Z test commands::focus::tests::discover_returns_none_for_clean_tmp ... ok
Rust	Run unit/integration tests	2026-07-06T01:26:29.5156934Z test commands::install::tests::dry_run_plan_lists_three_assets ... ok
Rust	Run unit/integration tests	2026-07-06T01:26:29.5157772Z test commands::export::tests::write_parquet_emits_valid_magic_header ... ok
Rust	Run unit/integration tests	2026-07-06T01:26:29.5158552Z test commands::focus::tests::discover_finds_beads_walking_up ... ok
Rust	Run unit/integration tests	2026-07-06T01:26:29.5159400Z test commands::install::tests::dry_run_plan_with_eval_flag_marks_eval_license ... ok
Rust	Run unit/integration tests	2026-07-06T01:26:29.5160234Z test commands::license::tests::registry_error_codes_are_stable ... ok
Rust	Run unit/integration tests	2026-07-06T01:26:29.5161012Z test commands::install::tests::dry_run_plan_with_license_key_marks_commercial ... ok
Rust	Run unit/integration tests	2026-07-06T01:26:29.5161717Z test commands::install::tests::target_auto_resolves_to_platform ... ok
Rust	Run unit/integration tests	2026-07-06T01:26:29.5162463Z test commands::install::tests::triple_for_each_target_is_stable ... ok
Rust	Run unit/integration tests	2026-07-06T01:26:29.5163332Z test commands::pairing_transport::tests::opt_in_only_for_named_vendor_transports ... ok
Rust	Run unit/integration tests	2026-07-06T01:26:29.5164107Z test commands::license::tests::registry_error_recovery_hints_are_actionable ... ok
Rust	Run unit/integration tests	2026-07-06T01:26:29.5164808Z test commands::license::tests::wp_envelope_status_to_error ... ok
Rust	Run unit/integration tests	2026-07-06T01:26:29.5165471Z test commands::pairing_transport::tests::operator_url_prefers_env_over_file ... ok
Rust	Run unit/integration tests	2026-07-06T01:26:29.5166154Z test commands::scope::tests::unsafe_scope_patterns_detected ... ok
Rust	Run unit/integration tests	2026-07-06T01:26:29.5166701Z test commands::scope::tests::safe_project_scope_passes ... ok
Rust	Run unit/integration tests	2026-07-06T01:26:29.5167379Z test commands::pairing_transport::tests::report_serializes ... ok
Rust	Run unit/integration tests	2026-07-06T01:26:29.5168187Z test commands::recover::tests::recover_args_default_to_safe_operator_summary ... ok
Rust	Run unit/integration tests	2026-07-06T01:26:29.5169051Z test commands::service::tests::render_systemd_unit_mentions_binary ... ok
Rust	Run unit/integration tests	2026-07-06T01:26:29.5170235Z test commands::service::tests::render_launchd_plist_mentions_binary ... ok
Rust	Run unit/integration tests	2026-07-06T01:26:29.5170956Z test commands::uninstall::tests::keep_data_marks_install_root_skipped ... ok
Rust	Run unit/integration tests	2026-07-06T01:26:29.5171644Z test commands::uninstall::tests::keep_license_marks_license_step_skipped ... ok
Rust	Run unit/integration tests	2026-07-06T01:26:29.5172151Z test commands::turns::tests::collect_turns_accepts_pascal_case_persisted_event_types ... ok
Rust	Run unit/integration tests	2026-07-06T01:26:29.5172656Z test commands::uninstall::tests::service_target_paths_match_target ... ok
Rust	Run unit/integration tests	2026-07-06T01:26:29.5173136Z test commands::uninstall::tests::keep_path_modifications_skips_rc_steps ... ok
Rust	Run unit/integration tests	2026-07-06T01:26:29.5173592Z test commands::uninstall::tests::plan_includes_all_default_steps ... ok
Rust	Run unit/integration tests	2026-07-06T01:26:29.5173990Z test commands::uninstall::tests::purge_adds_purge_step ... ok
Rust	Run unit/integration tests	2026-07-06T01:26:29.5174400Z test commands::upgrade::tests::latest_version_has_non_network_fallback ... ok
Rust	Run unit/integration tests	2026-07-06T01:26:29.5174836Z test commands::workflow::tests::workflow_list_has_six_templates ... ok
Rust	Run unit/integration tests	2026-07-06T01:26:29.5175267Z test commands::workpoint::tests::reason_aliases_match_api_snake_case ... ok
Rust	Run unit/integration tests	2026-07-06T01:26:29.5175704Z test commands::workpoint::tests::current_path_encodes_scope_query ... ok
Rust	Run unit/integration tests	2026-07-06T01:26:29.5176130Z test commands::workpoint::tests::human_summary_reads_resume_packet ... ok
Rust	Run unit/integration tests	2026-07-06T01:26:29.5176395Z 
Rust	Run unit/integration tests	2026-07-06T01:26:29.5176617Z test result: ok. 43 passed; 0 failed; 0 ignored; 0 measured; 0 filtered out; finished in 0.00s
Rust	Run unit/integration tests	2026-07-06T01:26:29.5177100Z 
Rust	Run unit/integration tests	2026-07-06T01:26:29.5177667Z ^[[1m^[[92m     Running^[[0m tests/menubar_headless_e2e.rs (target/debug/deps/menubar_headless_e2e-1fac16c449aaa197)
Rust	Run unit/integration tests	2026-07-06T01:26:29.5182836Z 
Rust	Run unit/integration tests	2026-07-06T01:26:29.5182972Z running 1 test
Rust	Run unit/integration tests	2026-07-06T01:26:29.5183675Z test menubar_headless_e2e ... ignored, requires chromium + live daemon + node; run with --ignored --nocapture
Rust	Run unit/integration tests	2026-07-06T01:26:29.5184086Z 
Rust	Run unit/integration tests	2026-07-06T01:26:29.5184303Z test result: ok. 0 passed; 0 failed; 1 ignored; 0 measured; 0 filtered out; finished in 0.00s
Rust	Run unit/integration tests	2026-07-06T01:26:29.5184611Z 
Rust	Run unit/integration tests	2026-07-06T01:26:29.5185301Z ^[[1m^[[92m     Running^[[0m tests/revoke_repair_cycle.rs (target/debug/deps/revoke_repair_cycle-4478b533fc7db13a)
Rust	Run unit/integration tests	2026-07-06T01:26:29.5196295Z 
Rust	Run unit/integration tests	2026-07-06T01:26:29.5196448Z running 1 test
Rust	Run unit/integration tests	2026-07-06T01:26:29.5197124Z test revoke_repair_cycle_three_rounds ... ignored, requires live daemon; run with --ignored --nocapture
Rust	Run unit/integration tests	2026-07-06T01:26:29.5197684Z 
Rust	Run unit/integration tests	2026-07-06T01:26:29.5197923Z test result: ok. 0 passed; 0 failed; 1 ignored; 0 measured; 0 filtered out; finished in 0.00s
Rust	Run unit/integration tests	2026-07-06T01:26:29.5198240Z 
Rust	Run unit/integration tests	2026-07-06T01:26:29.5198799Z ^[[1m^[[92m     Running^[[0m unittests src/lib.rs (target/debug/deps/focusa_core-faa5d2883e027ff7)
Rust	Run unit/integration tests	2026-07-06T01:26:29.5211545Z 
Rust	Run unit/integration tests	2026-07-06T01:26:29.5211703Z running 247 tests
Rust	Run unit/integration tests	2026-07-06T01:26:29.5214540Z test adapters::acp::tests::test_extract_tokens ... ok
Rust	Run unit/integration tests	2026-07-06T01:26:29.5215197Z test adapters::acp::tests::test_observe_message ... ok
Rust	Run unit/integration tests	2026-07-06T01:26:29.5215920Z test adapters::letta::tests::test_harness_capabilities ... ok
Rust	Run unit/integration tests	2026-07-06T01:26:29.5216553Z test adapters::acp::tests::test_parse_jsonrpc ... ok
Rust	Run unit/integration tests	2026-07-06T01:26:29.5217256Z test adapters::letta::tests::test_parse_harness ... ok
Rust	Run unit/integration tests	2026-07-06T01:26:29.5218245Z test adapters::anthropic::tests::anthropic_process_request_injects_minimal_slice ... ok
Rust	Run unit/integration tests	2026-07-06T01:26:29.5219148Z test adapters::openai::tests::direct_question_passthroughs_when_focus_irrelevant ... ok
Rust	Run unit/integration tests	2026-07-06T01:26:29.5220012Z test adapters::openai::tests::focus_relevant_request_gets_minimal_slice_not_full_focus_dump ... ok
Rust	Run unit/integration tests	2026-07-06T01:26:29.5220863Z test ascc::tests::test_checkpoint_from_frame ... ok
Rust	Run unit/integration tests	2026-07-06T01:26:29.5221375Z test ascc::tests::test_is_empty ... ok
Rust	Run unit/integration tests	2026-07-06T01:26:29.5221934Z test ascc::tests::test_checkpoint_update_increments_revision ... ok
Rust	Run unit/integration tests	2026-07-06T01:26:29.5222611Z test ascc::tests::test_focus_state_to_ascc_sections ... ok
Rust	Run unit/integration tests	2026-07-06T01:26:29.5223001Z test ascc::tests::test_to_digest ... ok
Rust	Run unit/integration tests	2026-07-06T01:26:29.5223285Z test ascc::tests::test_to_digest_empty_intent ... ok
Rust	Run unit/integration tests	2026-07-06T01:26:29.5223602Z test ascc::tests::test_to_string_compact ... ok
Rust	Run unit/integration tests	2026-07-06T01:26:29.5223946Z test autonomy::tests::test_al0_no_promotion_without_samples ... ok
Rust	Run unit/integration tests	2026-07-06T01:26:29.5224292Z test ascc::tests::test_to_messages_slots ... ok
Rust	Run unit/integration tests	2026-07-06T01:26:29.5224593Z test autonomy::tests::test_compute_ari ... ok
Rust	Run unit/integration tests	2026-07-06T01:26:29.5224904Z test autonomy::tests::test_grant_records_history ... ok
Rust	Run unit/integration tests	2026-07-06T01:26:29.5226506Z test bloatgaurd::tests::profiles_routines_and_rollout_are_complete ... ok
Rust	Run unit/integration tests	2026-07-06T01:26:29.5227297Z test bloatgaurd::tests::domain_lookup_accepts_slug_or_title ... ok
Rust	Run unit/integration tests	2026-07-06T01:26:29.5228098Z test bloatgaurd::tests::gate_modes_report_has_modes_thresholds_and_schema_fields ... ok
Rust	Run unit/integration tests	2026-07-06T01:26:29.5228939Z test bloatgaurd::tests::report_has_all_spec101_budget_domains ... ok
Rust	Run unit/integration tests	2026-07-06T01:26:29.5229969Z test bloatgaurd::tests::tokenbloat_report_has_control_and_elision_domains ... ok
Rust	Run unit/integration tests	2026-07-06T01:26:29.5230637Z test cache::tests::test_c4_rejected ... ok
Rust	Run unit/integration tests	2026-07-06T01:26:29.5231133Z test cache::tests::test_bust_fresh_evidence ... ok
Rust	Run unit/integration tests	2026-07-06T01:26:29.5231666Z test cache::tests::test_c0_always_valid ... ok
Rust	Run unit/integration tests	2026-07-06T01:26:29.5232308Z test claim_gate::tests::test_evidence_class_sufficiency ... ok
Rust	Run unit/integration tests	2026-07-06T01:26:29.5233002Z test claim_gate::tests::test_gate_allow_blocked_with_deferral ... ok
Rust	Run unit/integration tests	2026-07-06T01:26:29.5233610Z test claim_gate::tests::test_gate_block_missing ... ok
Rust	Run unit/integration tests	2026-07-06T01:26:29.5234211Z test claim_gate::tests::test_gate_allow_with_actual ... ok
Rust	Run unit/integration tests	2026-07-06T01:26:29.5235042Z test claim_gate::tests::test_gate_block_with_partial ... ok
Rust	Run unit/integration tests	2026-07-06T01:26:29.5235718Z test cache::tests::test_session_scope ... ok
Rust	Run unit/integration tests	2026-07-06T01:26:29.5236250Z test claim_gate::tests::test_gate_block_with_surrogate ... ok
Rust	Run unit/integration tests	2026-07-06T01:26:29.5239391Z test claim_gate::tests::test_parse_no_citations ... ok
Rust	Run unit/integration tests	2026-07-06T01:26:29.5242689Z test claim_gate::tests::test_parse_annotated_citations ... ok
Rust	Run unit/integration tests	2026-07-06T01:26:29.5243436Z test claim_gate::tests::test_parse_valid_citations ... ok
Rust	Run unit/integration tests	2026-07-06T01:26:29.5244141Z test clt::tests::test_append_interaction ... ok
Rust	Run unit/integration tests	2026-07-06T01:26:29.5244666Z test claim_gate::tests::test_surface_hint ... ok
Rust	Run unit/integration tests	2026-07-06T01:26:29.5245196Z test clt::tests::test_lineage_chain ... ok
Rust	Run unit/integration tests	2026-07-06T01:26:29.5245783Z test clt::tests::retain_hot_window_preserves_head_and_monotonic_ids ... ok
Rust	Run unit/integration tests	2026-07-06T01:26:29.5246418Z test clt::tests::test_node_counts ... ok
Rust	Run unit/integration tests	2026-07-06T01:26:29.5246738Z test clt::tests::test_summary_does_not_delete ... ok
Rust	Run unit/integration tests	2026-07-06T01:26:29.5247080Z test constitution::tests::test_cs_minimum_evidence ... ok
Rust	Run unit/integration tests	2026-07-06T01:26:29.5247545Z test constitution::tests::test_rollback ... ok
Rust	Run unit/integration tests	2026-07-06T01:26:29.5248118Z test constitution::tests::test_create_and_activate ... ok
Rust	Run unit/integration tests	2026-07-06T01:26:29.5248705Z test dxux::tests::explain_classifies_common_failures ... ok
Rust	Run unit/integration tests	2026-07-06T01:26:29.5249381Z test expression::engine::tests::test_assemble_basic ... ok
Rust	Run unit/integration tests	2026-07-06T01:26:29.5250211Z test dxux::tests::report_covers_all_dxux_requirements ... ok
Rust	Run unit/integration tests	2026-07-06T01:26:29.5250964Z test expression::engine::tests::test_assemble_includes_rules ... ok
Rust	Run unit/integration tests	2026-07-06T01:26:29.5251784Z test expression::engine::tests::test_assemble_skips_disabled_rules ... ok
Rust	Run unit/integration tests	2026-07-06T01:26:29.5252618Z test expression::engine::tests::test_find_char_boundary_ascii ... ok
Rust	Run unit/integration tests	2026-07-06T01:26:29.5253419Z test expression::engine::tests::test_degradation_tiny_budget ... ok
Rust	Run unit/integration tests	2026-07-06T01:26:29.5254153Z test expression::engine::tests::test_empty_focus_state ... ok
Rust	Run unit/integration tests	2026-07-06T01:26:29.5254799Z test expression::engine::tests::test_assemble_with_handles ... ok
Rust	Run unit/integration tests	2026-07-06T01:26:29.5255597Z test expression::engine::tests::test_find_char_boundary_utf8 ... ok
Rust	Run unit/integration tests	2026-07-06T01:26:29.5256362Z test expression::engine::tests::test_rehydration_field ... ok
Rust	Run unit/integration tests	2026-07-06T01:26:29.5257071Z test focus::state::tests::test_apply_delta_all_10_slots ... ok
Rust	Run unit/integration tests	2026-07-06T01:26:29.5257750Z test focus::state::tests::test_notes_decay_oldest ... ok
Rust	Run unit/integration tests	2026-07-06T01:26:29.5258384Z test focus::state::tests::test_decisions_cap_30 ... ok
Rust	Run unit/integration tests	2026-07-06T01:26:29.5259108Z test focus::state::tests::test_open_questions_removed_when_answered ... ok
Rust	Run unit/integration tests	2026-07-06T01:26:29.5260096Z test focus::state::tests::test_recent_results_newest_first ... ok
Rust	Run unit/integration tests	2026-07-06T01:26:29.5260773Z test focus::state::tests::test_decisions_dedup ... ok
Rust	Run unit/integration tests	2026-07-06T01:26:29.5261445Z test gate::focus_gate::tests::test_base_pressure_values ... ok
Rust	Run unit/integration tests	2026-07-06T01:26:29.5262139Z test gate::focus_gate::tests::test_decay_reduces_pressure ... ok
Rust	Run unit/integration tests	2026-07-06T01:26:29.5262917Z test gate::focus_gate::tests::test_decay_clears_expired_suppression ... ok
Rust	Run unit/integration tests	2026-07-06T01:26:29.5263719Z test gate::focus_gate::tests::test_decay_skips_pinned ... ok
Rust	Run unit/integration tests	2026-07-06T01:26:29.5264522Z test gate::focus_gate::tests::test_pipeline_creates_candidate_from_signals ... ok
Rust	Run unit/integration tests	2026-07-06T01:26:29.5265460Z test gate::focus_gate::tests::test_pipeline_goal_alignment_boosts_active_frame ... ok
Rust	Run unit/integration tests	2026-07-06T01:26:29.5266390Z test gate::focus_gate::tests::test_pipeline_low_pressure_stays_latent ... ok
Rust	Run unit/integration tests	2026-07-06T01:26:29.5268198Z test gate::focus_gate::tests::test_surfaced_candidates_threshold ... ok
Rust	Run unit/integration tests	2026-07-06T01:26:29.5269179Z test gate::focus_gate::tests::test_surfaced_excludes_actively_suppressed ... ok
Rust	Run unit/integration tests	2026-07-06T01:26:29.5270334Z test gate::focus_gate::tests::test_surfaced_excludes_resolved ... ok
Rust	Run unit/integration tests	2026-07-06T01:26:29.5271302Z test gate::focus_gate::tests::test_surfaced_includes_expired_suppression ... ok
Rust	Run unit/integration tests	2026-07-06T01:26:29.5272200Z test license::tests::evaluation_mode_is_evaluation ... ok
Rust	Run unit/integration tests	2026-07-06T01:26:29.5273184Z test license::tests::forge_tier_maps_to_forge_mode ... ok
Rust	Run unit/integration tests	2026-07-06T01:26:29.5274035Z test license::tests::key_hash_is_sha256_and_prefix_stored ... ok
Rust	Run unit/integration tests	2026-07-06T01:26:29.5274906Z test license::tests::operator_tier_maps_to_operator_mode ... ok
Rust	Run unit/integration tests	2026-07-06T01:26:29.5275840Z test memory::semantic::tests::test_contradiction_precedence_higher_wins ... ok
Rust	Run unit/integration tests	2026-07-06T01:26:29.5276899Z test memory::semantic::tests::test_contradiction_same_precedence_newer_wins ... ok
Rust	Run unit/integration tests	2026-07-06T01:26:29.5278031Z test memory::semantic::tests::test_forgetting_removes_low_confidence_after_contradiction ... ok
Rust	Run unit/integration tests	2026-07-06T01:26:29.5279173Z test memory::semantic::tests::test_no_contradiction_different_prefix ... ok
Rust	Run unit/integration tests	2026-07-06T01:26:29.5280338Z test memory::semantic::tests::test_pinned_immune_to_forgetting ... ok
Rust	Run unit/integration tests	2026-07-06T01:26:29.5281210Z test permissions::tests::test_integration_read_only ... ok
Rust	Run unit/integration tests	2026-07-06T01:26:29.5281944Z test permissions::tests::test_owner_full_access ... ok
Rust	Run unit/integration tests	2026-07-06T01:26:29.5282688Z test permissions::tests::test_revoke ... ok
Rust	Run unit/integration tests	2026-07-06T01:26:29.5283409Z test pre::resolution::tests::test_recency_bias ... ok
Rust	Run unit/integration tests	2026-07-06T01:26:29.5284265Z test pre::resolution::tests::test_resolve_clarification_required ... ok
Rust	Run unit/integration tests	2026-07-06T01:26:29.5285123Z test pre::resolution::tests::test_resolve_empty ... ok
Rust	Run unit/integration tests	2026-07-06T01:26:29.5286015Z test gate::focus_gate::tests::test_pipeline_merges_duplicate_signals ... ok
Rust	Run unit/integration tests	2026-07-06T01:26:29.5286985Z test pre::resolution::tests::test_resolve_low_score_rejected ... ok
Rust	Run unit/integration tests	2026-07-06T01:26:29.5287874Z test pre::resolution::tests::test_resolve_many_proposals ... ok
Rust	Run unit/integration tests	2026-07-06T01:26:29.5288728Z test pre::resolution::tests::test_resolve_single_accepted ... ok
Rust	Run unit/integration tests	2026-07-06T01:26:29.5289697Z test pre::resolution::tests::test_rfm_risk_adjustment ... ok
Rust	Run unit/integration tests	2026-07-06T01:26:29.5290442Z test pre::tests::test_reject ... ok
Rust	Run unit/integration tests	2026-07-06T01:26:29.5291101Z test pre::tests::test_submit_and_resolve ... ok
Rust	Run unit/integration tests	2026-07-06T01:26:29.5291989Z test reducer::tests::ontology_verification_negative_outcome_sets_failed_status ... ok
Rust	Run unit/integration tests	2026-07-06T01:26:29.5293294Z test reducer::tests::same_project_distinct_continuity_frames_remain_active_without_cross_pause ... ok
Rust	Run unit/integration tests	2026-07-06T01:26:29.5294395Z test reducer::tests::test_artifact_gc_removes ... ok
Rust	Run unit/integration tests	2026-07-06T01:26:29.5295159Z test reducer::tests::test_artifact_immutability ... ok
Rust	Run unit/integration tests	2026-07-06T01:26:29.5295865Z test reducer::tests::test_artifact_register ... ok
Rust	Run unit/integration tests	2026-07-06T01:26:29.5296540Z test reducer::tests::test_candidate_pin ... ok
Rust	Run unit/integration tests	2026-07-06T01:26:29.5297262Z test reducer::tests::test_candidate_suppress ... ok
Rust	Run unit/integration tests	2026-07-06T01:26:29.5297953Z test reducer::tests::test_candidate_surfaced ... ok
Rust	Run unit/integration tests	2026-07-06T01:26:29.5298670Z test reducer::tests::test_candidate_upsert ... ok
Rust	Run unit/integration tests	2026-07-06T01:26:29.5299423Z test reducer::tests::test_complete_root_frame_rejected ... ok
Rust	Run unit/integration tests	2026-07-06T01:26:29.5300616Z test reducer::tests::test_complete_wrong_frame_rejected ... ok
Rust	Run unit/integration tests	2026-07-06T01:26:29.5301418Z test reducer::tests::test_invariant_bidirectional ... ok
Rust	Run unit/integration tests	2026-07-06T01:26:29.5302289Z test reducer::tests::test_nonexistent_candidate_pin_errors ... ok
Rust	Run unit/integration tests	2026-07-06T01:26:29.5303241Z test reducer::tests::test_ownership_transfer_by_non_owner_rejected ... ok
Rust	Run unit/integration tests	2026-07-06T01:26:29.5304192Z test reducer::tests::test_ownership_transfer_by_owner ... ok
Rust	Run unit/integration tests	2026-07-06T01:26:29.5305156Z test reducer::tests::test_ownership_transfer_from_id_on_unowned_thread_rejected ... ok
Rust	Run unit/integration tests	2026-07-06T01:26:29.5306226Z test reducer::tests::test_ownership_transfer_no_from_id_allowed ... ok
Rust	Run unit/integration tests	2026-07-06T01:26:29.5307254Z test reducer::tests::ontology_object_upsert_proposal_sets_proposed_status ... ok
Rust	Run unit/integration tests	2026-07-06T01:26:29.5308322Z test reducer::tests::test_ownership_transfer_nonexistent_thread_rejected ... ok
Rust	Run unit/integration tests	2026-07-06T01:26:29.5309280Z test reducer::tests::test_pinned_artifact_gc_blocked ... ok
Rust	Run unit/integration tests	2026-07-06T01:26:29.5310241Z test reducer::tests::test_pop_frame_restores_parent ... ok
Rust	Run unit/integration tests	2026-07-06T01:26:29.5311026Z test reducer::tests::test_pop_root_clears_stack ... ok
Rust	Run unit/integration tests	2026-07-06T01:26:29.5311853Z test reducer::tests::test_push_duplicate_frame_id_rejected ... ok
Rust	Run unit/integration tests	2026-07-06T01:26:29.5312911Z test reducer::tests::test_push_empty_beads_id_rejected ... ok
Rust	Run unit/integration tests	2026-07-06T01:26:29.5313852Z test reducer::tests::test_push_child_pauses_parent ... ok
Rust	Run unit/integration tests	2026-07-06T01:26:29.5314553Z test reducer::tests::test_push_frame ... ok
Rust	Run unit/integration tests	2026-07-06T01:26:29.5315356Z test reducer::tests::test_reduce_with_meta_ownership_enforcement ... ok
Rust	Run unit/integration tests	2026-07-06T01:26:29.5316231Z test reducer::tests::test_session_close_and_restart ... ok
Rust	Run unit/integration tests	2026-07-06T01:26:29.5317116Z test reducer::tests::test_session_close_without_session_errors ... ok
Rust	Run unit/integration tests	2026-07-06T01:26:29.5318052Z test reducer::tests::test_session_double_close_errors ... ok
Rust	Run unit/integration tests	2026-07-06T01:26:29.5318811Z test reducer::tests::test_session_start_fresh ... ok
Rust	Run unit/integration tests	2026-07-06T01:26:29.5319713Z test reducer::tests::test_session_start_rejects_active ... ok
Rust	Run unit/integration tests	2026-07-06T01:26:29.5320477Z test reducer::tests::test_stack_path_cache ... ok
Rust	Run unit/integration tests	2026-07-06T01:26:29.5321251Z test reducer::tests::test_suspend_clears_active ... ok
Rust	Run unit/integration tests	2026-07-06T01:26:29.5321954Z test reducer::tests::test_thread_created ... ok
Rust	Run unit/integration tests	2026-07-06T01:26:29.5322753Z test reducer::tests::test_thread_created_duplicate_rejected ... ok
Rust	Run unit/integration tests	2026-07-06T01:26:29.5323792Z test reducer::tests::test_trajectory_checkpoint_and_state_delta_are_queryable ... ok
Rust	Run unit/integration tests	2026-07-06T01:26:29.5325025Z test reducer::tests::test_trajectory_goal_defined_sets_active_and_supersedes_same_scope ... ok
Rust	Run unit/integration tests	2026-07-06T01:26:29.5326017Z test reducer::tests::test_version_increments ... ok
Rust	Run unit/integration tests	2026-07-06T01:26:29.5327991Z test reducer::tests::test_workpoint_defaults_are_empty_and_noncanonical ... ok
Rust	Run unit/integration tests	2026-07-06T01:26:29.5329153Z test reducer::tests::test_workpoint_bounds_vectors_at_reducer_boundary ... ok
Rust	Run unit/integration tests	2026-07-06T01:26:29.5331384Z test reducer::tests::test_workpoint_promote_sets_active_pointer ... ok
Rust	Run unit/integration tests	2026-07-06T01:26:29.5332484Z test reducer::tests::test_workpoint_promote_supersedes_same_scope_active_record ... ok
Rust	Run unit/integration tests	2026-07-06T01:26:29.5334190Z test reducer::tests::test_workpoint_reject_and_degraded_fallback_cannot_promote ... ok
Rust	Run unit/integration tests	2026-07-06T01:26:29.5335217Z test reference::gc::tests::test_find_eligible_empty_state ... ok
Rust	Run unit/integration tests	2026-07-06T01:26:29.5336120Z test reference::gc::tests::test_old_unpinned_is_eligible ... ok
Rust	Run unit/integration tests	2026-07-06T01:26:29.5336998Z test reference::gc::tests::test_pinned_never_eligible ... ok
Rust	Run unit/integration tests	2026-07-06T01:26:29.5340978Z test reference::gc::tests::test_recent_not_eligible ... ok
Rust	Run unit/integration tests	2026-07-06T01:26:29.5345811Z test reference::store::tests::legacy_unscoped_handle_remains_readable_but_not_scoped ... ok
Rust	Run unit/integration tests	2026-07-06T01:26:29.5351527Z test reference::store::tests::resolve_scoped_accepts_matching_project_and_continuity ... ok
Rust	Run unit/integration tests	2026-07-06T01:26:29.5352527Z test reference::store::tests::resolve_scoped_rejects_cross_project_or_workstream ... ok
Rust	Run unit/integration tests	2026-07-06T01:26:29.5354281Z test replay::tests::test_export_sft_uses_real_turn_and_clt_content ... ok
Rust	Run unit/integration tests	2026-07-06T01:26:29.5355087Z test replay::tests::test_export_dataset_families ... ok
Rust	Run unit/integration tests	2026-07-06T01:26:29.5361366Z test replay::tests::test_replay_config_default ... ok
Rust	Run unit/integration tests	2026-07-06T01:26:29.5390351Z test replay::tests::test_replay_deep_nesting ... ok
Rust	Run unit/integration tests	2026-07-06T01:26:29.5394153Z test replay::tests::test_replay_focus_stack ... ok
Rust	Run unit/integration tests	2026-07-06T01:26:29.5396722Z test replay::tests::test_replay_memory_stress ... ok
Rust	Run unit/integration tests	2026-07-06T01:26:29.5450705Z test replay::tests::test_replay_mixed_events ... ok
Rust	Run unit/integration tests	2026-07-06T01:26:29.5520664Z test replay::tests::test_replay_events_fail_fast_on_legacy_payload_without_handle ... ok
Rust	Run unit/integration tests	2026-07-06T01:26:29.5522344Z test replay::tests::test_replay_session_lifecycle ... ok
Rust	Run unit/integration tests	2026-07-06T01:26:29.5538935Z test replay::tests::test_replay_single_event ... ok
Rust	Run unit/integration tests	2026-07-06T01:26:29.5550973Z test replay::tests::test_replay_reconstructs_active_workpoint_pointer ... ok
Rust	Run unit/integration tests	2026-07-06T01:26:29.5564737Z test replay::tests::test_replay_stress_1000_events ... ok
Rust	Run unit/integration tests	2026-07-06T01:26:29.5630788Z test replay::tests::test_secondary_loop_comparative_summary_from_replay_log ... ok
Rust	Run unit/integration tests	2026-07-06T01:26:29.5645944Z test replay::tests::test_secondary_loop_comparative_summary_respects_session_filter ... ok
Rust	Run unit/integration tests	2026-07-06T01:26:29.5721344Z test replay::tests::test_workpoint_replay_summary_counts_recent_events ... ok
Rust	Run unit/integration tests	2026-07-06T01:26:29.5722735Z test rfm::tests::test_ais_all_pass ... ok
Rust	Run unit/integration tests	2026-07-06T01:26:29.5723858Z test replay::tests::test_secondary_loop_comparative_summary_tolerates_legacy_payload_without_handle ... ok
Rust	Run unit/integration tests	2026-07-06T01:26:29.5724980Z test rfm::tests::test_constraint_validation ... ok
Rust	Run unit/integration tests	2026-07-06T01:26:29.5725700Z test rfm::tests::test_rfm_escalation ... ok
Rust	Run unit/integration tests	2026-07-06T01:26:29.5726450Z test rfm::tests::test_rfm_fallback_default_is_fail_closed ... ok
Rust	Run unit/integration tests	2026-07-06T01:26:29.5727405Z test rfm::tests::test_rfm_fallback_fail_open_mode_is_permissive ... ok
Rust	Run unit/integration tests	2026-07-06T01:26:29.5728483Z test runtime::daemon::tests::bd_closure_certificate_contains_policy_and_spec_refs ... ok
Rust	Run unit/integration tests	2026-07-06T01:26:29.5729838Z test runtime::daemon::tests::continuation_boundary_events_block_on_governance_pending ... ok
Rust	Run unit/integration tests	2026-07-06T01:26:29.5731139Z test runtime::daemon::tests::continuation_boundary_events_never_emit_work_item_selection ... ok
Rust	Run unit/integration tests	2026-07-06T01:26:29.5732431Z test runtime::daemon::tests::continuation_boundary_events_pause_on_operator_steering ... ok
Rust	Run unit/integration tests	2026-07-06T01:26:29.5733717Z test runtime::daemon::tests::continuation_boundary_trace_payloads_include_path_marker ... ok
Rust	Run unit/integration tests	2026-07-06T01:26:29.5736058Z test runtime::daemon::tests::linked_spec_implementation_evidence_accepts_spec_and_file_anchored_completion ... ok
Rust	Run unit/integration tests	2026-07-06T01:26:29.5737595Z test runtime::daemon::tests::linked_spec_implementation_evidence_rejects_non_implementation_reports ... ok
Rust	Run unit/integration tests	2026-07-06T01:26:29.5739080Z test runtime::daemon::tests::linked_spec_implementation_evidence_requires_spec_or_artifact_anchor ... ok
Rust	Run unit/integration tests	2026-07-06T01:26:29.5740463Z test runtime::daemon::tests::minimax_json_payload_parser_handles_wrapped_json ... ok
Rust	Run unit/integration tests	2026-07-06T01:26:29.5808130Z test runtime::daemon::tests::external_reconcile_requires_epoch_signal ... ok
Rust	Run unit/integration tests	2026-07-06T01:26:29.5821907Z test runtime::daemon::tests::observe_continuous_turn_outcome_archives_unverified_spec_conformant_attempts ... ok
Rust	Run unit/integration tests	2026-07-06T01:26:29.5906598Z test runtime::daemon::tests::observe_continuous_turn_outcome_marks_subject_hijack_in_quality_trace ... ok
Rust	Run unit/integration tests	2026-07-06T01:26:29.5921086Z test runtime::daemon::tests::observe_continuous_turn_outcome_comparative_baseline_proves_improvement_for_same_task ... ok
Rust	Run unit/integration tests	2026-07-06T01:26:29.5991313Z test runtime::daemon::tests::observe_continuous_turn_outcome_records_low_quality_rejection_artifact ... ok
Rust	Run unit/integration tests	2026-07-06T01:26:29.6002122Z test runtime::daemon::tests::post_turn_eval_trace_flags_detect_answer_and_consistency_failures ... ok
Rust	Run unit/integration tests	2026-07-06T01:26:29.6003396Z test runtime::daemon::tests::post_turn_eval_trace_flags_ignore_clean_context ... ok
Rust	Run unit/integration tests	2026-07-06T01:26:29.6005114Z test runtime::daemon::tests::secondary_closure_audit_payload_accepts_supported_sufficient_evidence ... ok
Rust	Run unit/integration tests	2026-07-06T01:26:29.6006511Z test runtime::daemon::tests::secondary_closure_audit_payload_rejects_critical_objections ... ok
Rust	Run unit/integration tests	2026-07-06T01:26:29.6007834Z test runtime::daemon::tests::secondary_closure_audit_payload_rejects_insufficient_evidence ... ok
Rust	Run unit/integration tests	2026-07-06T01:26:29.6009169Z test runtime::daemon::tests::secondary_closure_trace_payloads_include_required_dimensions ... ok
Rust	Run unit/integration tests	2026-07-06T01:26:29.6010719Z test runtime::daemon::tests::secondary_closure_trace_payloads_mark_blocked_transition_for_rejections ... ok
Rust	Run unit/integration tests	2026-07-06T01:26:29.6012129Z test runtime::daemon::tests::secondary_eval_trace_payload_ignores_unrelated_confidence_types ... ok
Rust	Run unit/integration tests	2026-07-06T01:26:29.6014028Z test runtime::daemon::tests::secondary_eval_trace_payload_includes_quality_status_for_post_turn_eval ... ok
Rust	Run unit/integration tests	2026-07-06T01:26:29.6016099Z test runtime::daemon::tests::secondary_loop_boundary_reason_flags_governance_pending ... ok
Rust	Run unit/integration tests	2026-07-06T01:26:29.6017658Z test runtime::daemon::tests::secondary_loop_boundary_reason_flags_operator_steering ... ok
Rust	Run unit/integration tests	2026-07-06T01:26:29.6027035Z test runtime::daemon::tests::observe_continuous_turn_outcome_records_useful_trace_and_ledger_artifacts ... ok
Rust	Run unit/integration tests	2026-07-06T01:26:29.6109078Z test gate::focus_gate::tests::test_pipeline_caps_candidates ... ok
Rust	Run unit/integration tests	2026-07-06T01:26:29.6110083Z test runtime::daemon::tests::secondary_loop_promotion_status_maps_outcome_classes ... ok
Rust	Run unit/integration tests	2026-07-06T01:26:29.6115380Z test runtime::daemon::tests::secondary_loop_quality_grade_marks_low_quality_without_continue_reason ... ok
Rust	Run unit/integration tests	2026-07-06T01:26:29.6123576Z test runtime::daemon::tests::secondary_loop_quality_grade_marks_useful_when_verification_and_reason_present ... ok
Rust	Run unit/integration tests	2026-07-06T01:26:29.6125491Z test runtime::daemon::tests::secondary_loop_quality_trace_payload_marks_low_quality ... ok
Rust	Run unit/integration tests	2026-07-06T01:26:29.6126744Z test runtime::daemon::tests::subject_hijack_trace_flags_detect_divergent_subjects ... ok
Rust	Run unit/integration tests	2026-07-06T01:26:29.6140760Z test runtime::daemon::tests::secondary_loop_closure_replay_evidence_reads_persisted_pairs ... ok
Rust	Run unit/integration tests	2026-07-06T01:26:29.6205855Z test runtime::daemon::tests::secondary_loop_ledger_archives_entries_beyond_active_window ... ok
Rust	Run unit/integration tests	2026-07-06T01:26:29.6213535Z test runtime::persistence_sqlite_test::sqlite_crdt_import_is_scoped_and_idempotent ... ok
Rust	Run unit/integration tests	2026-07-06T01:26:29.6304820Z test runtime::persistence_sqlite_test::sqlite_event_hash_chain_links_appended_events ... ok
Rust	Run unit/integration tests	2026-07-06T01:26:29.6325364Z test runtime::persistence_sqlite_test::sqlite_persistence_creates_machine_id ... ok
Rust	Run unit/integration tests	2026-07-06T01:26:29.6331554Z test runtime::persistence_sqlite_test::sqlite_crdt_same_root_two_daemon_reconciliation_converges ... ok
Rust	Run unit/integration tests	2026-07-06T01:26:29.6430936Z test runtime::persistence_sqlite_test::sqlite_persistence_rejects_incompatible_schema_version ... ok
Rust	Run unit/integration tests	2026-07-06T01:26:29.6432038Z test skills::tests::test_default_18_skills ... ok
Rust	Run unit/integration tests	2026-07-06T01:26:29.6432644Z test skills::tests::test_enable_disable ... ok
Rust	Run unit/integration tests	2026-07-06T01:26:29.6433359Z test skills::tests::test_prohibited_skill_blocked ... ok
Rust	Run unit/integration tests	2026-07-06T01:26:29.6434059Z test sync::crdt::tests::test_causality_happens_before ... ok
Rust	Run unit/integration tests	2026-07-06T01:26:29.6450286Z test sync::crdt::tests::test_concurrent_events ... ok
Rust	Run unit/integration tests	2026-07-06T01:26:29.6466006Z test sync::crdt::tests::test_concurrent_updates ... ok
Rust	Run unit/integration tests	2026-07-06T01:26:29.6474652Z test sync::crdt::tests::test_crdt_log_add ... ok
Rust	Run unit/integration tests	2026-07-06T01:26:29.6476324Z test runtime::persistence_sqlite_test::sqlite_persistence_rolls_back_to_fresh_state_on_incompatible_snapshot ... ok
Rust	Run unit/integration tests	2026-07-06T01:26:29.6477702Z test sync::crdt::tests::test_crdt_merge_remote ... ok
Rust	Run unit/integration tests	2026-07-06T01:26:29.6478637Z test sync::crdt::tests::test_vector_clock_basics ... ok
Rust	Run unit/integration tests	2026-07-06T01:26:29.6479804Z test sync::crdt::tests::test_deterministic_resolution ... ok
Rust	Run unit/integration tests	2026-07-06T01:26:29.6480755Z test sync::crdt::tests::test_vector_clock_merge ... ok
Rust	Run unit/integration tests	2026-07-06T01:26:29.6481524Z test telemetry::tests::test_task_tracking ... ok
Rust	Run unit/integration tests	2026-07-06T01:26:29.6482752Z test telemetry::tests::test_record_tokens ... ok
Rust	Run unit/integration tests	2026-07-06T01:26:29.6483526Z test threads::tests::test_archive_and_resume ... ok
Rust	Run unit/integration tests	2026-07-06T01:26:29.6484297Z test threads::tests::test_create_thread ... ok
Rust	Run unit/integration tests	2026-07-06T01:26:29.6485283Z test threads::tests::test_create_thread_with_owner ... ok
Rust	Run unit/integration tests	2026-07-06T01:26:29.6486147Z test threads::tests::test_fork_gets_new_id ... ok
Rust	Run unit/integration tests	2026-07-06T01:26:29.6489081Z test threads::tests::test_fork_with_new_owner ... ok
Rust	Run unit/integration tests	2026-07-06T01:26:29.6490119Z test training::tests::test_build_example ... ok
Rust	Run unit/integration tests	2026-07-06T01:26:29.6490894Z test training::tests::test_pii_detection ... ok
Rust	Run unit/integration tests	2026-07-06T01:26:29.6491701Z test training::tests::test_export_rejects_pii ... ok
Rust	Run unit/integration tests	2026-07-06T01:26:29.6492702Z test types::focusa_state_tests::trajectory_ladder_context_prefers_active_record ... ok
Rust	Run unit/integration tests	2026-07-06T01:26:29.6493962Z test utility_card::tests::utility_card_has_bootstrap_compaction_and_brevity_sections ... ok
Rust	Run unit/integration tests	2026-07-06T01:26:29.6495141Z test utility_card::tests::utility_card_is_compact_but_decision_useful ... ok
Rust	Run unit/integration tests	2026-07-06T01:26:29.6496095Z test uxp::tests::test_bridge_frozen_dimension ... ok
Rust	Run unit/integration tests	2026-07-06T01:26:29.6496870Z test uxp::tests::test_ufi_signal_recording ... ok
Rust	Run unit/integration tests	2026-07-06T01:26:29.6497655Z test uxp::tests::test_bridge_updates_dimension ... ok
Rust	Run unit/integration tests	2026-07-06T01:26:29.6498515Z test workers::executor::tests::test_classify_correction ... ok
Rust	Run unit/integration tests	2026-07-06T01:26:29.6499418Z test workers::executor::tests::test_classify_question ... ok
Rust	Run unit/integration tests	2026-07-06T01:26:29.6500386Z test workers::executor::tests::test_classify_task ... ok
Rust	Run unit/integration tests	2026-07-06T01:26:29.6501546Z test workers::executor::tests::test_extract_delta ... ok
Rust	Run unit/integration tests	2026-07-06T01:26:29.6502611Z test workers::executor::tests::test_response_scaffold_not_extracted_as_focus_or_next_steps ... ok
Rust	Run unit/integration tests	2026-07-06T01:26:29.6503723Z test workers::executor::tests::test_ufi_detection ... ok
Rust	Run unit/integration tests	2026-07-06T01:26:29.6504638Z test workers::priority_queue::tests::test_fifo_within_priority ... ok
Rust	Run unit/integration tests	2026-07-06T01:26:29.6505607Z test workers::priority_queue::tests::test_capacity_limit ... ok
Rust	Run unit/integration tests	2026-07-06T01:26:29.6506560Z test workers::priority_queue::tests::test_priority_ordering ... ok
Rust	Run unit/integration tests	2026-07-06T01:26:29.6507673Z test runtime::persistence_sqlite_test::sqlite_schema_migrates_v1_to_crdt_schema_v2 ... ok
Rust	Run unit/integration tests	2026-07-06T01:26:29.6600113Z test workers::priority_queue::tests::test_recv_waits_for_send ... ok
Rust	Run unit/integration tests	2026-07-06T01:26:30.6534739Z test gate::focus_gate::tests::test_pipeline_caps_signals ... ok
Rust	Run unit/integration tests	2026-07-06T01:26:30.6535343Z 
Rust	Run unit/integration tests	2026-07-06T01:26:30.6535798Z test result: ok. 247 passed; 0 failed; 0 ignored; 0 measured; 0 filtered out; finished in 1.13s
Rust	Run unit/integration tests	2026-07-06T01:26:30.6536490Z 
Rust	Run unit/integration tests	2026-07-06T01:26:30.6543638Z ^[[1m^[[92m     Running^[[0m unittests src/main.rs (target/debug/deps/focusa_tui-304b8845fe35d0d0)
Rust	Run unit/integration tests	2026-07-06T01:26:30.6554779Z 
Rust	Run unit/integration tests	2026-07-06T01:26:30.6555173Z running 0 tests
Rust	Run unit/integration tests	2026-07-06T01:26:30.6555456Z 
Rust	Run unit/integration tests	2026-07-06T01:26:30.6555916Z test result: ok. 0 passed; 0 failed; 0 ignored; 0 measured; 0 filtered out; finished in 0.00s
Rust	Run unit/integration tests	2026-07-06T01:26:30.6556575Z 
Rust	Run unit/integration tests	2026-07-06T01:26:30.6556862Z ^[[1m^[[92m   Doc-tests^[[0m focusa_core
Rust	Run unit/integration tests	2026-07-06T01:26:32.2046492Z 
Rust	Run unit/integration tests	2026-07-06T01:26:32.2047008Z running 1 test
Rust	Run unit/integration tests	2026-07-06T01:26:32.2047571Z test crates/focusa-core/src/license.rs - license (line 14) ... ignored
Rust	Run unit/integration tests	2026-07-06T01:26:32.2048070Z 
Rust	Run unit/integration tests	2026-07-06T01:26:32.2048477Z test result: ok. 0 passed; 0 failed; 1 ignored; 0 measured; 0 filtered out; finished in 0.00s
Rust	Run unit/integration tests	2026-07-06T01:26:32.2049035Z 
Rust	Run unit/integration tests	2026-07-06T01:26:32.2059930Z all doctests ran in 0.10s; merged doctests compilation took 0.10s
Rust	Clippy	﻿2026-07-06T01:26:32.2166014Z ##[group]Run cargo clippy --workspace -- -D warnings
Rust	Clippy	2026-07-06T01:26:32.2166413Z ^[[36;1mcargo clippy --workspace -- -D warnings^[[0m
Rust	Clippy	2026-07-06T01:26:32.2185242Z shell: /usr/bin/bash -e {0}
Rust	Clippy	2026-07-06T01:26:32.2185498Z env:
Rust	Clippy	2026-07-06T01:26:32.2185693Z   CARGO_HOME: /home/runner/.cargo
Rust	Clippy	2026-07-06T01:26:32.2185938Z   CARGO_INCREMENTAL: 0
Rust	Clippy	2026-07-06T01:26:32.2186151Z   CARGO_TERM_COLOR: always
Rust	Clippy	2026-07-06T01:26:32.2186366Z ##[endgroup]
Rust	Clippy	2026-07-06T01:26:32.4377488Z ^[[1m^[[92m    Checking^[[0m cfg-if v1.0.4
Rust	Clippy	2026-07-06T01:26:32.4378148Z ^[[1m^[[92m    Checking^[[0m libc v0.2.180
Rust	Clippy	2026-07-06T01:26:32.4380838Z ^[[1m^[[92m    Checking^[[0m log v0.4.29
Rust	Clippy	2026-07-06T01:26:32.4641632Z ^[[1m^[[92m    Checking^[[0m once_cell v1.21.3
Rust	Clippy	2026-07-06T01:26:32.5444599Z ^[[1m^[[92m    Checking^[[0m bytes v1.11.1
Rust	Clippy	2026-07-06T01:26:32.5746142Z ^[[1m^[[92m   Compiling^[[0m shlex v1.3.0
Rust	Clippy	2026-07-06T01:26:32.6943865Z ^[[1m^[[92m    Checking^[[0m itoa v1.0.17
Rust	Clippy	2026-07-06T01:26:32.8050670Z ^[[1m^[[92m    Checking^[[0m libm v0.2.16
Rust	Clippy	2026-07-06T01:26:32.9650892Z ^[[1m^[[92m    Checking^[[0m pin-project-lite v0.2.16
Rust	Clippy	2026-07-06T01:26:33.0040874Z ^[[1m^[[92m    Checking^[[0m smallvec v1.15.1
Rust	Clippy	2026-07-06T01:26:33.1190786Z ^[[1m^[[92m    Checking^[[0m futures-core v0.3.31
Rust	Clippy	2026-07-06T01:26:33.1750864Z ^[[1m^[[92m    Checking^[[0m bitflags v2.10.0
Rust	Clippy	2026-07-06T01:26:33.2410897Z ^[[1m^[[92m    Checking^[[0m errno v0.3.14
Rust	Clippy	2026-07-06T01:26:33.2716549Z ^[[1m^[[92m    Checking^[[0m mio v1.1.1
Rust	Clippy	2026-07-06T01:26:33.3014405Z ^[[1m^[[92m   Compiling^[[0m jobserver v0.1.34
Rust	Clippy	2026-07-06T01:26:33.3050866Z ^[[1m^[[92m    Checking^[[0m signal-hook-registry v1.4.8
Rust	Clippy	2026-07-06T01:26:33.4026038Z ^[[1m^[[92m    Checking^[[0m zerofrom v0.1.6
Rust	Clippy	2026-07-06T01:26:33.4661121Z ^[[1m^[[92m   Compiling^[[0m cc v1.2.55
Rust	Clippy	2026-07-06T01:26:33.5142485Z ^[[1m^[[92m    Checking^[[0m serde_core v1.0.228
Rust	Clippy	2026-07-06T01:26:33.5736579Z ^[[1m^[[92m    Checking^[[0m stable_deref_trait v1.2.1
Rust	Clippy	2026-07-06T01:26:33.6050902Z ^[[1m^[[92m    Checking^[[0m yoke v0.8.1
Rust	Clippy	2026-07-06T01:26:33.6277130Z ^[[1m^[[92m    Checking^[[0m num-traits v0.2.19
Rust	Clippy	2026-07-06T01:26:33.7120393Z ^[[1m^[[92m    Checking^[[0m zerocopy v0.8.39
Rust	Clippy	2026-07-06T01:26:34.1426705Z ^[[1m^[[92m    Checking^[[0m zerovec v0.11.5
Rust	Clippy	2026-07-06T01:26:34.5731144Z ^[[1m^[[92m    Checking^[[0m socket2 v0.6.2
Rust	Clippy	2026-07-06T01:26:34.7953629Z ^[[1m^[[92m    Checking^[[0m tracing-core v0.1.36
Rust	Clippy	2026-07-06T01:26:34.9520785Z ^[[1m^[[92m    Checking^[[0m tokio v1.49.0
Rust	Clippy	2026-07-06T01:26:35.0550824Z ^[[1m^[[92m    Checking^[[0m getrandom v0.2.17
Rust	Clippy	2026-07-06T01:26:35.1390812Z ^[[1m^[[92m    Checking^[[0m http v1.4.0
Rust	Clippy	2026-07-06T01:26:35.2690820Z ^[[1m^[[92m    Checking^[[0m serde v1.0.228
Rust	Clippy	2026-07-06T01:26:35.6460667Z ^[[1m^[[92m    Checking^[[0m ryu v1.0.22
Rust	Clippy	2026-07-06T01:26:35.6750964Z ^[[1m^[[92m    Checking^[[0m scopeguard v1.2.0
Rust	Clippy	2026-07-06T01:26:35.7080852Z ^[[1m^[[92m    Checking^[[0m lock_api v0.4.14
Rust	Clippy	2026-07-06T01:26:35.7270740Z ^[[1m^[[92m    Checking^[[0m http-body v1.0.1
Rust	Clippy	2026-07-06T01:26:35.7840944Z ^[[1m^[[92m    Checking^[[0m tracing v0.1.44
Rust	Clippy	2026-07-06T01:26:35.8520896Z ^[[1m^[[92m    Checking^[[0m getrandom v0.3.4
Rust	Clippy	2026-07-06T01:26:35.9156038Z ^[[1m^[[92m    Checking^[[0m tinystr v0.8.2
Rust	Clippy	2026-07-06T01:26:35.9231519Z ^[[1m^[[92m   Compiling^[[0m ring v0.17.14
Rust	Clippy	2026-07-06T01:26:36.0231206Z ^[[1m^[[92m    Checking^[[0m percent-encoding v2.3.2
Rust	Clippy	2026-07-06T01:26:36.0910889Z ^[[1m^[[92m    Checking^[[0m writeable v0.6.2
Rust	Clippy	2026-07-06T01:26:36.1891084Z ^[[1m^[[92m    Checking^[[0m litemap v0.8.1
Rust	Clippy	2026-07-06T01:26:36.2654692Z ^[[1m^[[92m    Checking^[[0m pin-utils v0.1.0
Rust	Clippy	2026-07-06T01:26:36.3026928Z ^[[1m^[[92m    Checking^[[0m icu_locale_core v2.1.1
Rust	Clippy	2026-07-06T01:26:36.7768132Z ^[[1m^[[92m    Checking^[[0m zerotrie v0.2.3
Rust	Clippy	2026-07-06T01:26:36.9039222Z ^[[1m^[[92m    Checking^[[0m potential_utf v0.1.4
Rust	Clippy	2026-07-06T01:26:36.9417501Z ^[[1m^[[92m    Checking^[[0m futures-task v0.3.31
Rust	Clippy	2026-07-06T01:26:36.9985193Z ^[[1m^[[92m    Checking^[[0m zeroize v1.8.2
Rust	Clippy	2026-07-06T01:26:37.0220748Z ^[[1m^[[92m    Checking^[[0m tower-service v0.3.3
Rust	Clippy	2026-07-06T01:26:37.0510662Z ^[[1m^[[92m    Checking^[[0m ahash v0.8.12
Rust	Clippy	2026-07-06T01:26:37.0573195Z ^[[1m^[[92m    Checking^[[0m rustls-pki-types v1.14.0
Rust	Clippy	2026-07-06T01:26:37.1341973Z ^[[1m^[[92m    Checking^[[0m futures-util v0.3.31
Rust	Clippy	2026-07-06T01:26:37.2851466Z ^[[1m^[[92m    Checking^[[0m thiserror v2.0.18
Rust	Clippy	2026-07-06T01:26:37.3195316Z ^[[1m^[[92m    Checking^[[0m icu_collections v2.1.1
Rust	Clippy	2026-07-06T01:26:37.5555668Z ^[[1m^[[92m    Checking^[[0m icu_provider v2.1.1
Rust	Clippy	2026-07-06T01:26:37.7200852Z ^[[1m^[[92m    Checking^[[0m either v1.15.0
Rust	Clippy	2026-07-06T01:26:37.8502247Z ^[[1m^[[92m    Checking^[[0m untrusted v0.9.0
Rust	Clippy	2026-07-06T01:26:37.8932451Z ^[[1m^[[92m    Checking^[[0m try-lock v0.2.5
Rust	Clippy	2026-07-06T01:26:37.9280858Z ^[[1m^[[92m    Checking^[[0m httpdate v1.0.3
Rust	Clippy	2026-07-06T01:26:38.0081026Z ^[[1m^[[92m    Checking^[[0m want v0.3.1
Rust	Clippy	2026-07-06T01:26:38.0641006Z ^[[1m^[[92m    Checking^[[0m icu_normalizer_data v2.1.1
Rust	Clippy	2026-07-06T01:26:38.0954305Z ^[[1m^[[92m    Checking^[[0m icu_properties_data v2.1.2
Rust	Clippy	2026-07-06T01:26:38.1051187Z ^[[1m^[[92m    Checking^[[0m httparse v1.10.1
Rust	Clippy	2026-07-06T01:26:38.1795138Z ^[[1m^[[92m    Checking^[[0m sync_wrapper v1.0.2
Rust	Clippy	2026-07-06T01:26:38.2225261Z ^[[1m^[[92m    Checking^[[0m futures-channel v0.3.31
Rust	Clippy	2026-07-06T01:26:38.2591032Z ^[[1m^[[92m    Checking^[[0m allocator-api2 v0.2.21
Rust	Clippy	2026-07-06T01:26:38.3451059Z ^[[1m^[[92m    Checking^[[0m equivalent v1.0.2
Rust	Clippy	2026-07-06T01:26:38.3478172Z ^[[1m^[[92m    Checking^[[0m iana-time-zone v0.1.65
Rust	Clippy	2026-07-06T01:26:38.3751433Z ^[[1m^[[92m    Checking^[[0m base64 v0.22.1
Rust	Clippy	2026-07-06T01:26:38.4030731Z ^[[1m^[[92m   Compiling^[[0m unicase v2.9.0
Rust	Clippy	2026-07-06T01:26:38.4807290Z ^[[1m^[[92m    Checking^[[0m foldhash v0.2.0
Rust	Clippy	2026-07-06T01:26:38.4947699Z ^[[1m^[[92m    Checking^[[0m mime v0.3.17
Rust	Clippy	2026-07-06T01:26:38.5313937Z ^[[1m^[[92m   Compiling^[[0m strsim v0.11.1
Rust	Clippy	2026-07-06T01:26:38.5484715Z ^[[1m^[[92m    Checking^[[0m tower-layer v0.3.3
Rust	Clippy	2026-07-06T01:26:38.6074358Z ^[[1m^[[92m    Checking^[[0m futures-sink v0.3.31
Rust	Clippy	2026-07-06T01:26:38.6166641Z ^[[1m^[[92m    Checking^[[0m atomic-waker v1.1.2
Rust	Clippy	2026-07-06T01:26:38.6413384Z ^[[1m^[[92m    Checking^[[0m hyper v1.8.1
Rust	Clippy	2026-07-06T01:26:38.6482715Z ^[[1m^[[92m    Checking^[[0m hashbrown v0.16.1
Rust	Clippy	2026-07-06T01:26:38.7254174Z ^[[1m^[[92m   Compiling^[[0m darling_core v0.23.0
Rust	Clippy	2026-07-06T01:26:39.1055300Z ^[[1m^[[92m   Compiling^[[0m mime_guess v2.0.5
Rust	Clippy	2026-07-06T01:26:39.2219245Z ^[[1m^[[92m    Checking^[[0m chrono v0.4.44
Rust	Clippy	2026-07-06T01:26:39.3120883Z ^[[1m^[[92m    Checking^[[0m icu_properties v2.1.2
Rust	Clippy	2026-07-06T01:26:40.0383680Z ^[[1m^[[92m    Checking^[[0m icu_normalizer v2.1.1
Rust	Clippy	2026-07-06T01:26:40.1068318Z ^[[1m^[[92m    Checking^[[0m zmij v1.0.19
Rust	Clippy	2026-07-06T01:26:40.2344204Z ^[[1m^[[92m    Checking^[[0m typenum v1.19.0
Rust	Clippy	2026-07-06T01:26:40.2681646Z ^[[1m^[[92m    Checking^[[0m form_urlencoded v1.2.2
Rust	Clippy	2026-07-06T01:26:40.3316336Z ^[[1m^[[92m    Checking^[[0m http-body-util v0.1.3
Rust	Clippy	2026-07-06T01:26:40.4820940Z ^[[1m^[[92m    Checking^[[0m num-integer v0.1.46
Rust	Clippy	2026-07-06T01:26:40.6552446Z ^[[1m^[[92m   Compiling^[[0m rustls v0.23.36
Rust	Clippy	2026-07-06T01:26:40.6618508Z ^[[1m^[[92m    Checking^[[0m memchr v2.7.6
Rust	Clippy	2026-07-06T01:26:40.7438643Z ^[[1m^[[92m    Checking^[[0m subtle v2.6.1
Rust	Clippy	2026-07-06T01:26:40.8210731Z ^[[1m^[[92m    Checking^[[0m ipnet v2.11.0
Rust	Clippy	2026-07-06T01:26:40.8441157Z ^[[1m^[[92m   Compiling^[[0m darling_macro v0.23.0
Rust	Clippy	2026-07-06T01:26:40.9954627Z ^[[1m^[[92m    Checking^[[0m hyper-util v0.1.20
Rust	Clippy	2026-07-06T01:26:41.0190817Z ^[[1m^[[92m    Checking^[[0m serde_json v1.0.149
Rust	Clippy	2026-07-06T01:26:41.0721668Z ^[[1m^[[92m    Checking^[[0m generic-array v0.14.7
Rust	Clippy	2026-07-06T01:26:41.5341330Z ^[[1m^[[92m    Checking^[[0m num-bigint v0.4.6
Rust	Clippy	2026-07-06T01:26:41.6791185Z ^[[1m^[[92m    Checking^[[0m rustls-webpki v0.103.13
Rust	Clippy	2026-07-06T01:26:41.7041135Z ^[[1m^[[92m    Checking^[[0m castaway v0.2.4
Rust	Clippy	2026-07-06T01:26:41.7470840Z ^[[1m^[[92m    Checking^[[0m idna_adapter v1.2.1
Rust	Clippy	2026-07-06T01:26:41.7980761Z ^[[1m^[[92m    Checking^[[0m tower v0.5.3
Rust	Clippy	2026-07-06T01:26:42.1111377Z ^[[1m^[[92m    Checking^[[0m itertools v0.14.0
Rust	Clippy	2026-07-06T01:26:42.1600900Z ^[[1m^[[92m    Checking^[[0m half v2.7.1
Rust	Clippy	2026-07-06T01:26:42.4024404Z ^[[1m^[[92m   Compiling^[[0m zstd-sys v2.0.13+zstd.1.5.6
Rust	Clippy	2026-07-06T01:26:42.4331023Z ^[[1m^[[92m   Compiling^[[0m unicode-segmentation v1.12.0
Rust	Clippy	2026-07-06T01:26:42.6411267Z ^[[1m^[[92m    Checking^[[0m unicode-width v0.2.0
Rust	Clippy	2026-07-06T01:26:42.7690917Z ^[[1m^[[92m    Checking^[[0m linux-raw-sys v0.11.0
Rust	Clippy	2026-07-06T01:26:42.7904419Z ^[[1m^[[92m    Checking^[[0m static_assertions v1.1.0
Rust	Clippy	2026-07-06T01:26:43.0467683Z ^[[1m^[[92m    Checking^[[0m utf8_iter v1.0.4
Rust	Clippy	2026-07-06T01:26:43.1120975Z ^[[1m^[[92m    Checking^[[0m idna v1.1.0
Rust	Clippy	2026-07-06T01:26:43.1780693Z ^[[1m^[[92m    Checking^[[0m rustix v1.1.3
Rust	Clippy	2026-07-06T01:26:43.2451307Z ^[[1m^[[92m    Checking^[[0m unicode-truncate v2.0.1
Rust	Clippy	2026-07-06T01:26:43.3350830Z ^[[1m^[[92m    Checking^[[0m compact_str v0.9.0
Rust	Clippy	2026-07-06T01:26:43.4570952Z ^[[1m^[[92m   Compiling^[[0m libsqlite3-sys v0.30.1
Rust	Clippy	2026-07-06T01:26:43.6541209Z ^[[1m^[[92m   Compiling^[[0m convert_case v0.10.0
Rust	Clippy	2026-07-06T01:26:43.8653343Z ^[[1m^[[92m    Checking^[[0m arrow-buffer v58.3.0
Rust	Clippy	2026-07-06T01:26:44.3075151Z ^[[1m^[[92m    Checking^[[0m tokio-rustls v0.26.4
Rust	Clippy	2026-07-06T01:26:44.3634356Z ^[[1m^[[92m    Checking^[[0m strum v0.27.2
Rust	Clippy	2026-07-06T01:26:44.4101042Z ^[[1m^[[92m    Checking^[[0m parking_lot_core v0.9.12
Rust	Clippy	2026-07-06T01:26:44.4361192Z ^[[1m^[[92m   Compiling^[[0m darling v0.23.0
Rust	Clippy	2026-07-06T01:26:44.4655751Z ^[[1m^[[92m    Checking^[[0m signal-hook v0.3.18
Rust	Clippy	2026-07-06T01:26:44.5141256Z ^[[1m^[[92m    Checking^[[0m serde_urlencoded v0.7.1
Rust	Clippy	2026-07-06T01:26:44.5729437Z ^[[1m^[[92m    Checking^[[0m kasuari v0.4.12
Rust	Clippy	2026-07-06T01:26:44.5891715Z ^[[1m^[[92m    Checking^[[0m lru v0.16.4
Rust	Clippy	2026-07-06T01:26:44.6193895Z ^[[1m^[[92m    Checking^[[0m tokio-util v0.7.18
Rust	Clippy	2026-07-06T01:26:44.6890976Z ^[[1m^[[92m    Checking^[[0m webpki-roots v1.0.6
Rust	Clippy	2026-07-06T01:26:44.7411207Z ^[[1m^[[92m    Checking^[[0m powerfmt v0.2.0
Rust	Clippy	2026-07-06T01:26:44.7516264Z ^[[1m^[[92m    Checking^[[0m arrow-schema v58.3.0
Rust	Clippy	2026-07-06T01:26:44.8301108Z ^[[1m^[[92m    Checking^[[0m iri-string v0.7.10
Rust	Clippy	2026-07-06T01:26:44.8827858Z ^[[1m^[[92m    Checking^[[0m http-range-header v0.4.2
Rust	Clippy	2026-07-06T01:26:44.9350999Z ^[[1m^[[92m    Checking^[[0m deranged v0.5.8
Rust	Clippy	2026-07-06T01:26:45.1221247Z ^[[1m^[[92m    Checking^[[0m arrow-data v58.3.0
Rust	Clippy	2026-07-06T01:26:45.5720803Z ^[[1m^[[92m    Checking^[[0m hyper-rustls v0.27.7
Rust	Clippy	2026-07-06T01:26:45.6830905Z ^[[1m^[[92m    Checking^[[0m ratatui-core v0.1.0
Rust	Clippy	2026-07-06T01:26:45.7790938Z ^[[1m^[[92m    Checking^[[0m signal-hook-mio v0.2.5
Rust	Clippy	2026-07-06T01:26:45.8190983Z ^[[1m^[[92m    Checking^[[0m parking_lot v0.12.5
Rust	Clippy	2026-07-06T01:26:45.9321298Z ^[[1m^[[92m    Checking^[[0m tower-http v0.6.8
Rust	Clippy	2026-07-06T01:26:45.9480911Z ^[[1m^[[92m   Compiling^[[0m instability v0.3.11
Rust	Clippy	2026-07-06T01:26:46.3452744Z ^[[1m^[[92m   Compiling^[[0m derive_more-impl v2.1.1
Rust	Clippy	2026-07-06T01:26:46.7032616Z ^[[1m^[[92m    Checking^[[0m url v2.5.8
Rust	Clippy	2026-07-06T01:26:46.8780996Z ^[[1m^[[92m    Checking^[[0m crypto-common v0.1.7
Rust	Clippy	2026-07-06T01:26:46.9341545Z ^[[1m^[[92m    Checking^[[0m block-buffer v0.10.4
Rust	Clippy	2026-07-06T01:26:46.9940865Z ^[[1m^[[92m    Checking^[[0m hashbrown v0.14.5
Rust	Clippy	2026-07-06T01:26:47.0006883Z ^[[1m^[[92m    Checking^[[0m spin v0.9.8
Rust	Clippy	2026-07-06T01:26:47.0861031Z ^[[1m^[[92m    Checking^[[0m num-complex v0.4.6
Rust	Clippy	2026-07-06T01:26:47.3477923Z ^[[1m^[[92m    Checking^[[0m utf8parse v0.2.2
Rust	Clippy	2026-07-06T01:26:47.3748579Z ^[[1m^[[92m    Checking^[[0m num_threads v0.1.7
Rust	Clippy	2026-07-06T01:26:47.3984133Z ^[[1m^[[92m    Checking^[[0m num-conv v0.2.2
Rust	Clippy	2026-07-06T01:26:47.4464878Z ^[[1m^[[92m    Checking^[[0m alloc-no-stdlib v2.0.4
Rust	Clippy	2026-07-06T01:26:47.4611176Z ^[[1m^[[92m    Checking^[[0m hashbrown v0.17.1
Rust	Clippy	2026-07-06T01:26:47.5010790Z ^[[1m^[[92m    Checking^[[0m regex-syntax v0.8.9
Rust	Clippy	2026-07-06T01:26:47.9280898Z ^[[1m^[[92m    Checking^[[0m time-core v0.1.8
Rust	Clippy	2026-07-06T01:26:48.0156457Z ^[[1m^[[92m    Checking^[[0m time v0.3.47
Rust	Clippy	2026-07-06T01:26:48.2000909Z ^[[1m^[[92m    Checking^[[0m regex-automata v0.4.14
Rust	Clippy	2026-07-06T01:26:48.4550939Z ^[[1m^[[92m    Checking^[[0m arrow-array v58.3.0
Rust	Clippy	2026-07-06T01:26:49.5341304Z ^[[1m^[[92m    Checking^[[0m alloc-stdlib v0.2.2
Rust	Clippy	2026-07-06T01:26:49.5931256Z ^[[1m^[[92m    Checking^[[0m hashlink v0.9.1
Rust	Clippy	2026-07-06T01:26:49.8080997Z ^[[1m^[[92m    Checking^[[0m anstyle-parse v0.2.7
Rust	Clippy	2026-07-06T01:26:49.8931275Z ^[[1m^[[92m    Checking^[[0m flume v0.11.1
Rust	Clippy	2026-07-06T01:26:49.9600794Z ^[[1m^[[92m    Checking^[[0m reqwest v0.12.28
Rust	Clippy	2026-07-06T01:26:50.0530985Z ^[[1m^[[92m    Checking^[[0m digest v0.10.7
Rust	Clippy	2026-07-06T01:26:50.1720981Z ^[[1m^[[92m    Checking^[[0m derive_more v2.1.1
Rust	Clippy	2026-07-06T01:26:50.1990732Z ^[[1m^[[92m    Checking^[[0m polling v2.8.0
Rust	Clippy	2026-07-06T01:26:50.2970958Z ^[[1m^[[92m    Checking^[[0m anyhow v1.0.100
Rust	Clippy	2026-07-06T01:26:50.4390737Z ^[[1m^[[92m    Checking^[[0m ppv-lite86 v0.2.21
Rust	Clippy	2026-07-06T01:26:50.5995343Z ^[[1m^[[92m    Checking^[[0m rand_core v0.6.4
Rust	Clippy	2026-07-06T01:26:50.7040984Z ^[[1m^[[92m    Checking^[[0m line-clipping v0.3.5
Rust	Clippy	2026-07-06T01:26:50.7060426Z ^[[1m^[[92m    Checking^[[0m socket2 v0.5.10
Rust	Clippy	2026-07-06T01:26:50.7881353Z ^[[1m^[[92m    Checking^[[0m if-addrs v0.13.4
Rust	Clippy	2026-07-06T01:26:50.8730828Z ^[[1m^[[92m    Checking^[[0m fallible-streaming-iterator v0.1.9
Rust	Clippy	2026-07-06T01:26:50.9221064Z ^[[1m^[[92m    Checking^[[0m colorchoice v1.0.4
Rust	Clippy	2026-07-06T01:26:50.9458211Z ^[[1m^[[92m    Checking^[[0m fallible-iterator v0.3.0
Rust	Clippy	2026-07-06T01:26:50.9575840Z ^[[1m^[[92m    Checking^[[0m anstyle-query v1.1.5
Rust	Clippy	2026-07-06T01:26:50.9931030Z ^[[1m^[[92m    Checking^[[0m anstyle v1.0.13
Rust	Clippy	2026-07-06T01:26:51.1100743Z ^[[1m^[[92m    Checking^[[0m lazy_static v1.5.0
Rust	Clippy	2026-07-06T01:26:51.1370937Z ^[[1m^[[92m    Checking^[[0m cpufeatures v0.2.17
Rust	Clippy	2026-07-06T01:26:51.1537108Z ^[[1m^[[92m    Checking^[[0m is_terminal_polyfill v1.70.2
Rust	Clippy	2026-07-06T01:26:51.1748754Z ^[[1m^[[92m    Checking^[[0m pxfm v0.1.29
Rust	Clippy	2026-07-06T01:26:51.1875756Z ^[[1m^[[92m    Checking^[[0m anstream v0.6.21
Rust	Clippy	2026-07-06T01:26:51.2951350Z ^[[1m^[[92m    Checking^[[0m sha2 v0.10.9
Rust	Clippy	2026-07-06T01:26:51.4291563Z ^[[1m^[[92m    Checking^[[0m sharded-slab v0.1.7
Rust	Clippy	2026-07-06T01:26:51.7576837Z ^[[1m^[[92m    Checking^[[0m mdns-sd v0.11.5
Rust	Clippy	2026-07-06T01:26:52.2290987Z ^[[1m^[[92m    Checking^[[0m ratatui-widgets v0.3.0
Rust	Clippy	2026-07-06T01:26:52.9021037Z ^[[1m^[[92m    Checking^[[0m rand_chacha v0.3.1
Rust	Clippy	2026-07-06T01:26:53.0411207Z ^[[1m^[[92m    Checking^[[0m flatbuffers v25.12.19
Rust	Clippy	2026-07-06T01:26:53.0961275Z ^[[1m^[[92m    Checking^[[0m moxcms v0.8.1
Rust	Clippy	2026-07-06T01:26:53.2840873Z ^[[1m^[[92m    Checking^[[0m crossterm v0.29.0
Rust	Clippy	2026-07-06T01:26:53.7467986Z ^[[1m^[[92m    Checking^[[0m arrow-select v58.3.0
Rust	Clippy	2026-07-06T01:26:54.4572878Z ^[[1m^[[92m    Checking^[[0m brotli-decompressor v5.0.0
Rust	Clippy	2026-07-06T01:26:54.6130927Z ^[[1m^[[92m   Compiling^[[0m zstd-safe v7.2.1
Rust	Clippy	2026-07-06T01:26:54.7740710Z ^[[1m^[[92m    Checking^[[0m matchers v0.2.0
Rust	Clippy	2026-07-06T01:26:54.8290879Z ^[[1m^[[92m    Checking^[[0m uuid v1.20.0
Rust	Clippy	2026-07-06T01:26:55.0811483Z ^[[1m^[[92m    Checking^[[0m tracing-serde v0.2.0
Rust	Clippy	2026-07-06T01:26:55.0870735Z ^[[1m^[[92m    Checking^[[0m tracing-log v0.2.0
Rust	Clippy	2026-07-06T01:26:55.1192870Z ^[[1m^[[92m    Checking^[[0m rusqlite v0.32.1
Rust	Clippy	2026-07-06T01:26:55.1563980Z ^[[1m^[[92m    Checking^[[0m ordered-float v2.10.1
Rust	Clippy	2026-07-06T01:26:55.1590737Z ^[[1m^[[92m    Checking^[[0m if-addrs v0.10.2
Rust	Clippy	2026-07-06T01:26:55.2281321Z ^[[1m^[[92m    Checking^[[0m thread_local v1.1.9
Rust	Clippy	2026-07-06T01:26:55.3220893Z ^[[1m^[[92m    Checking^[[0m byteorder v1.5.0
Rust	Clippy	2026-07-06T01:26:55.3415470Z ^[[1m^[[92m    Checking^[[0m byteorder-lite v0.1.0
Rust	Clippy	2026-07-06T01:26:55.4766009Z ^[[1m^[[92m    Checking^[[0m nu-ansi-term v0.50.3
Rust	Clippy	2026-07-06T01:26:55.6241180Z ^[[1m^[[92m    Checking^[[0m linux-raw-sys v0.4.15
Rust	Clippy	2026-07-06T01:26:55.6306943Z ^[[1m^[[92m    Checking^[[0m integer-encoding v3.0.4
Rust	Clippy	2026-07-06T01:26:55.7190801Z ^[[1m^[[92m    Checking^[[0m zlib-rs v0.6.3
Rust	Clippy	2026-07-06T01:26:55.7440641Z ^[[1m^[[92m    Checking^[[0m bytemuck v1.25.0
Rust	Clippy	2026-07-06T01:26:55.8160724Z ^[[1m^[[92m    Checking^[[0m hex v0.4.3
Rust	Clippy	2026-07-06T01:26:55.8730416Z ^[[1m^[[92m    Checking^[[0m twox-hash v2.1.2
Rust	Clippy	2026-07-06T01:26:55.9160894Z ^[[1m^[[92m    Checking^[[0m clap_lex v0.7.7
Rust	Clippy	2026-07-06T01:26:55.9541207Z ^[[1m^[[92m    Checking^[[0m lz4_flex v0.13.1
Rust	Clippy	2026-07-06T01:26:55.9851202Z ^[[1m^[[92m    Checking^[[0m focusa-core v0.9.64-dev (/home/runner/work/focusa/focusa/crates/focusa-core)
Rust	Clippy	2026-07-06T01:26:55.9974476Z ^[[1m^[[92m    Checking^[[0m clap_builder v4.5.57
Rust	Clippy	2026-07-06T01:26:56.1640865Z ^[[1m^[[92m    Checking^[[0m image v0.25.10
Rust	Clippy	2026-07-06T01:26:56.6811291Z ^[[1m^[[92m    Checking^[[0m flate2 v1.1.9
Rust	Clippy	2026-07-06T01:26:56.9379339Z ^[[1m^[[92m    Checking^[[0m rustix v0.38.44
Rust	Clippy	2026-07-06T01:26:57.3740940Z ^[[1m^[[92m    Checking^[[0m thrift v0.17.0
Rust	Clippy	2026-07-06T01:26:57.4383251Z ^[[1m^[[92m    Checking^[[0m tracing-subscriber v0.3.22
Rust	Clippy	2026-07-06T01:26:57.4610689Z ^[[1m^[[92m    Checking^[[0m brotli v8.0.2
Rust	Clippy	2026-07-06T01:26:57.7137586Z ^[[1m^[[92m    Checking^[[0m zstd v0.13.3
Rust	Clippy	2026-07-06T01:26:57.9841147Z ^[[1m^[[92m    Checking^[[0m arrow-ipc v58.3.0
Rust	Clippy	2026-07-06T01:26:58.3540904Z ^[[1m^[[92m    Checking^[[0m ratatui-crossterm v0.1.0
Rust	Clippy	2026-07-06T01:26:58.4480850Z ^[[1m^[[92m    Checking^[[0m rand v0.8.6
Rust	Clippy	2026-07-06T01:26:58.9244744Z ^[[1m^[[92m    Checking^[[0m ratatui-macros v0.7.0
Rust	Clippy	2026-07-06T01:26:58.9340874Z ^[[1m^[[92m    Checking^[[0m snap v1.1.1
Rust	Clippy	2026-07-06T01:26:58.9631186Z ^[[1m^[[92m    Checking^[[0m axum-core v0.5.6
Rust	Clippy	2026-07-06T01:26:59.1087600Z ^[[1m^[[92m    Checking^[[0m serde_path_to_error v0.1.20
Rust	Clippy	2026-07-06T01:26:59.3338512Z ^[[1m^[[92m    Checking^[[0m matchit v0.8.4
Rust	Clippy	2026-07-06T01:26:59.4850695Z ^[[1m^[[92m    Checking^[[0m env_home v0.1.0
Rust	Clippy	2026-07-06T01:26:59.5131157Z ^[[1m^[[92m    Checking^[[0m simdutf8 v0.1.5
Rust	Clippy	2026-07-06T01:26:59.6111027Z ^[[1m^[[92m    Checking^[[0m which v7.0.3
Rust	Clippy	2026-07-06T01:26:59.7070951Z ^[[1m^[[92m    Checking^[[0m async-stream v0.3.6
Rust	Clippy	2026-07-06T01:26:59.7590885Z ^[[1m^[[92m    Checking^[[0m clap v4.5.57
Rust	Clippy	2026-07-06T01:26:59.7890899Z ^[[1m^[[92m    Checking^[[0m ratatui v0.30.0
Rust	Clippy	2026-07-06T01:26:59.8530705Z ^[[1m^[[92m    Checking^[[0m crossterm v0.28.1
Rust	Clippy	2026-07-06T01:27:00.1061231Z ^[[1m^[[92m    Checking^[[0m parquet v58.3.0
Rust	Clippy	2026-07-06T01:27:00.1530883Z ^[[1m^[[92m    Checking^[[0m axum v0.8.8
Rust	Clippy	2026-07-06T01:27:00.3450983Z ^[[1m^[[92m    Checking^[[0m qrcode v0.14.1
Rust	Clippy	2026-07-06T01:27:00.5731417Z ^[[1m^[[92m    Checking^[[0m tokio-stream v0.1.18
Rust	Clippy	2026-07-06T01:27:00.8769966Z ^[[1m^[[92m    Checking^[[0m urlencoding v2.1.3
Rust	Clippy	2026-07-06T01:27:01.0151430Z ^[[1m^[[92m    Checking^[[0m focusa-tui v0.9.64-dev (/home/runner/work/focusa/focusa/crates/focusa-tui)
Rust	Clippy	2026-07-06T01:27:09.0920554Z ^[[1m^[[92m    Checking^[[0m focusa-api v0.9.64-dev (/home/runner/work/focusa/focusa/crates/focusa-api)
Rust	Clippy	2026-07-06T01:27:09.0921401Z ^[[1m^[[92m    Checking^[[0m focusa-cli v0.9.64-dev (/home/runner/work/focusa/focusa/crates/focusa-cli)
Rust	Clippy	2026-07-06T01:27:15.5787471Z ^[[1m^[[91merror^[[0m^[[1m: manual `Range::contains` implementation^[[0m
Rust	Clippy	2026-07-06T01:27:15.5788379Z    ^[[1m^[[94m--> ^[[0mcrates/focusa-cli/src/commands/init.rs:142:15
Rust	Clippy	2026-07-06T01:27:15.5789236Z     ^[[1m^[[94m|^[[0m
Rust	Clippy	2026-07-06T01:27:15.5789919Z ^[[1m^[[94m142^[[0m ^[[1m^[[94m|^[[0m         "ok": status >= 200 && status < 300,
Rust	Clippy	2026-07-06T01:27:15.5790893Z     ^[[1m^[[94m|^[[0m               ^[[1m^[[91m^^^^^^^^^^^^^^^^^^^^^^^^^^^^^^[[0m ^[[1m^[[91mhelp: use: `(200..300).contains(&status)`^[[0m
Rust	Clippy	2026-07-06T01:27:15.5791590Z     ^[[1m^[[94m|^[[0m
Rust	Clippy	2026-07-06T01:27:15.5792640Z     ^[[1m^[[94m= ^[[0m^[[1mhelp^[[0m: for further information visit https://rust-lang.github.io/rust-clippy/master/index.html#manual_range_contains
Rust	Clippy	2026-07-06T01:27:15.5794081Z     ^[[1m^[[94m= ^[[0m^[[1mnote^[[0m: `-D clippy::manual-range-contains` implied by `-D warnings`
Rust	Clippy	2026-07-06T01:27:15.5795181Z     ^[[1m^[[94m= ^[[0m^[[1mhelp^[[0m: to override `-D warnings` add `#[allow(clippy::manual_range_contains)]`
Rust	Clippy	2026-07-06T01:27:15.5795731Z 
Rust	Clippy	2026-07-06T01:27:15.8183420Z ^[[1m^[[91merror^[[0m: could not compile `focusa-cli` (bin "focusa") due to 1 previous error
Rust	Clippy	2026-07-06T01:27:15.8184544Z ^[[1m^[[33mwarning^[[0m: build failed, waiting for other jobs to finish...
Rust	Clippy	2026-07-06T01:27:22.2206750Z ##[error]Process completed with exit code 101.
Rust	Post Run actions/checkout@v6	﻿2026-07-06T01:27:22.2338890Z Post job cleanup.
Rust	Post Run actions/checkout@v6	2026-07-06T01:27:22.3176575Z [command]/usr/bin/git version
Rust	Post Run actions/checkout@v6	2026-07-06T01:27:22.3217091Z git version 2.54.0
Rust	Post Run actions/checkout@v6	2026-07-06T01:27:22.3255468Z Temporarily overriding HOME='/home/runner/work/_temp/8be4652d-8935-431f-a833-d6e9c6fd7734' before making global git config changes
Rust	Post Run actions/checkout@v6	2026-07-06T01:27:22.3257113Z Adding repository directory to the temporary git global config as a safe directory
Rust	Post Run actions/checkout@v6	2026-07-06T01:27:22.3261319Z [command]/usr/bin/git config --global --add safe.directory /home/runner/work/focusa/focusa
Rust	Post Run actions/checkout@v6	2026-07-06T01:27:22.3293147Z Removing SSH command configuration
Rust	Post Run actions/checkout@v6	2026-07-06T01:27:22.3300320Z [command]/usr/bin/git config --local --name-only --get-regexp core\.sshCommand
Rust	Post Run actions/checkout@v6	2026-07-06T01:27:22.3337824Z [command]/usr/bin/git submodule foreach --recursive sh -c "git config --local --name-only --get-regexp 'core\.sshCommand' && git config --local --unset-all 'core.sshCommand' || :"
Rust	Post Run actions/checkout@v6	2026-07-06T01:27:22.3543622Z Removing HTTP extra header
Rust	Post Run actions/checkout@v6	2026-07-06T01:27:22.3550049Z [command]/usr/bin/git config --local --name-only --get-regexp http\.https\:\/\/github\.com\/\.extraheader
Rust	Post Run actions/checkout@v6	2026-07-06T01:27:22.3591291Z [command]/usr/bin/git submodule foreach --recursive sh -c "git config --local --name-only --get-regexp 'http\.https\:\/\/github\.com\/\.extraheader' && git config --local --unset-all 'http.https://github.com/.extraheader' || :"
Rust	Post Run actions/checkout@v6	2026-07-06T01:27:22.3804869Z Removing includeIf entries pointing to credentials config files
Rust	Post Run actions/checkout@v6	2026-07-06T01:27:22.3812770Z [command]/usr/bin/git config --local --name-only --get-regexp ^includeIf\.gitdir:
Rust	Post Run actions/checkout@v6	2026-07-06T01:27:22.3870086Z includeif.gitdir:/home/runner/work/focusa/focusa/.git.path
Rust	Post Run actions/checkout@v6	2026-07-06T01:27:22.3870907Z includeif.gitdir:/home/runner/work/focusa/focusa/.git/worktrees/*.path
Rust	Post Run actions/checkout@v6	2026-07-06T01:27:22.3871555Z includeif.gitdir:/github/workspace/.git.path
Rust	Post Run actions/checkout@v6	2026-07-06T01:27:22.3872088Z includeif.gitdir:/github/workspace/.git/worktrees/*.path
Rust	Post Run actions/checkout@v6	2026-07-06T01:27:22.3879928Z [command]/usr/bin/git config --local --get-all includeif.gitdir:/home/runner/work/focusa/focusa/.git.path
Rust	Post Run actions/checkout@v6	2026-07-06T01:27:22.3902812Z /home/runner/work/_temp/git-credentials-291d1f52-b8f1-45f4-9bd3-20b1af0f2d90.config
Rust	Post Run actions/checkout@v6	2026-07-06T01:27:22.3912184Z [command]/usr/bin/git config --local --unset includeif.gitdir:/home/runner/work/focusa/focusa/.git.path /home/runner/work/_temp/git-credentials-291d1f52-b8f1-45f4-9bd3-20b1af0f2d90.config
Rust	Post Run actions/checkout@v6	2026-07-06T01:27:22.3945569Z [command]/usr/bin/git config --local --get-all includeif.gitdir:/home/runner/work/focusa/focusa/.git/worktrees/*.path
Rust	Post Run actions/checkout@v6	2026-07-06T01:27:22.3967208Z /home/runner/work/_temp/git-credentials-291d1f52-b8f1-45f4-9bd3-20b1af0f2d90.config
Rust	Post Run actions/checkout@v6	2026-07-06T01:27:22.3977598Z [command]/usr/bin/git config --local --unset includeif.gitdir:/home/runner/work/focusa/focusa/.git/worktrees/*.path /home/runner/work/_temp/git-credentials-291d1f52-b8f1-45f4-9bd3-20b1af0f2d90.config
Rust	Post Run actions/checkout@v6	2026-07-06T01:27:22.4009279Z [command]/usr/bin/git config --local --get-all includeif.gitdir:/github/workspace/.git.path
Rust	Post Run actions/checkout@v6	2026-07-06T01:27:22.4030942Z /github/runner_temp/git-credentials-291d1f52-b8f1-45f4-9bd3-20b1af0f2d90.config
Rust	Post Run actions/checkout@v6	2026-07-06T01:27:22.4040031Z [command]/usr/bin/git config --local --unset includeif.gitdir:/github/workspace/.git.path /github/runner_temp/git-credentials-291d1f52-b8f1-45f4-9bd3-20b1af0f2d90.config
Rust	Post Run actions/checkout@v6	2026-07-06T01:27:22.4068953Z [command]/usr/bin/git config --local --get-all includeif.gitdir:/github/workspace/.git/worktrees/*.path
Rust	Post Run actions/checkout@v6	2026-07-06T01:27:22.4091339Z /github/runner_temp/git-credentials-291d1f52-b8f1-45f4-9bd3-20b1af0f2d90.config
Rust	Post Run actions/checkout@v6	2026-07-06T01:27:22.4101152Z [command]/usr/bin/git config --local --unset includeif.gitdir:/github/workspace/.git/worktrees/*.path /github/runner_temp/git-credentials-291d1f52-b8f1-45f4-9bd3-20b1af0f2d90.config
Rust	Post Run actions/checkout@v6	2026-07-06T01:27:22.4138824Z [command]/usr/bin/git submodule foreach --recursive git config --local --show-origin --name-only --get-regexp remote.origin.url
Rust	Post Run actions/checkout@v6	2026-07-06T01:27:22.4347141Z Removing credentials config '/home/runner/work/_temp/git-credentials-291d1f52-b8f1-45f4-9bd3-20b1af0f2d90.config'
Rust	Complete job	﻿2026-07-06T01:27:22.4530205Z Cleaning up orphan processes
